file,line,type,commit,author,date,time,timezone,datetime,depth,length
style.css,1,css,6aa6c96e,xxzhangzzx,2026-04-11,22:27:31,-07:00,2026-04-11T22:27:31-07:00,0,4
style.css,2,css,09120db0,xxzhangzzx,2026-04-17,22:24:57,-07:00,2026-04-17T22:24:57-07:00,1,23
style.css,3,css,6aa6c96e,xxzhangzzx,2026-04-11,22:27:31,-07:00,2026-04-11T22:27:31-07:00,1,31
style.css,4,css,09120db0,xxzhangzzx,2026-04-17,22:24:57,-07:00,2026-04-17T22:24:57-07:00,1,39
style.css,5,css,6aa6c96e,xxzhangzzx,2026-04-11,22:27:31,-07:00,2026-04-11T22:27:31-07:00,1,32
style.css,6,css,6aa6c96e,xxzhangzzx,2026-04-11,22:27:31,-07:00,2026-04-11T22:27:31-07:00,0,0
style.css,7,css,6aa6c96e,xxzhangzzx,2026-04-11,22:27:31,-07:00,2026-04-11T22:27:31-07:00,0,0
style.css,8,css,53b9a80e,xxzhangzzx,2026-04-04,22:43:18,-07:00,2026-04-04T22:43:18-07:00,0,4
style.css,9,css,59492fdb,xxzhangzzx,2026-04-11,20:52:17,-07:00,2026-04-11T20:52:17-07:00,1,15
style.css,10,css,53b9a80e,xxzhangzzx,2026-04-04,22:43:18,-07:00,2026-04-04T22:43:18-07:00,1,23
style.css,11,css,59492fdb,xxzhangzzx,2026-04-11,20:52:17,-07:00,2026-04-11T20:52:17-07:00,1,18
style.css,12,css,59492fdb,xxzhangzzx,2026-04-11,20:52:17,-07:00,2026-04-11T20:52:17-07:00,1,19
style.css,13,css,59492fdb,xxzhangzzx,2026-04-11,20:52:17,-07:00,2026-04-11T20:52:17-07:00,0,0
style.css,14,css,59492fdb,xxzhangzzx,2026-04-11,20:52:17,-07:00,2026-04-11T20:52:17-07:00,0,0
style.css,15,css,59492fdb,xxzhangzzx,2026-04-11,20:52:17,-07:00,2026-04-11T20:52:17-07:00,0,3
style.css,16,css,59492fdb,xxzhangzzx,2026-04-11,20:52:17,-07:00,2026-04-11T20:52:17-07:00,1,12
style.css,17,css,237f7745,xxzhangzzx,2026-04-11,21:18:26,-07:00,2026-04-11T21:18:26-07:00,1,18
style.css,18,css,09120db0,xxzhangzzx,2026-04-17,22:24:57,-07:00,2026-04-17T22:24:57-07:00,1,43
style.css,19,css,59492fdb,xxzhangzzx,2026-04-11,20:52:17,-07:00,2026-04-11T20:52:17-07:00,0,0
style.css,20,css,59492fdb,xxzhangzzx,2026-04-11,20:52:17,-07:00,2026-04-11T20:52:17-07:00,0,0
style.css,21,css,59492fdb,xxzhangzzx,2026-04-11,20:52:17,-07:00,2026-04-11T20:52:17-07:00,0,5
style.css,22,css,59492fdb,xxzhangzzx,2026-04-11,20:52:17,-07:00,2026-04-11T20:52:17-07:00,1,6
style.css,23,css,237f7745,xxzhangzzx,2026-04-11,21:18:26,-07:00,2026-04-11T21:18:26-07:00,1,20
style.css,24,css,237f7745,xxzhangzzx,2026-04-11,21:18:26,-07:00,2026-04-11T21:18:26-07:00,1,13
style.css,25,css,237f7745,xxzhangzzx,2026-04-11,21:18:26,-07:00,2026-04-11T21:18:26-07:00,1,17
style.css,26,css,237f7745,xxzhangzzx,2026-04-11,21:18:26,-07:00,2026-04-11T21:18:26-07:00,1,13
style.css,27,css,237f7745,xxzhangzzx,2026-04-11,21:18:26,-07:00,2026-04-11T21:18:26-07:00,0,0
style.css,28,css,237f7745,xxzhangzzx,2026-04-11,21:18:26,-07:00,2026-04-11T21:18:26-07:00,0,0
style.css,29,css,237f7745,xxzhangzzx,2026-04-11,21:18:26,-07:00,2026-04-11T21:18:26-07:00,0,13
style.css,30,css,09120db0,xxzhangzzx,2026-04-17,22:24:57,-07:00,2026-04-17T22:24:57-07:00,1,45
style.css,31,css,237f7745,xxzhangzzx,2026-04-11,21:18:26,-07:00,2026-04-11T21:18:26-07:00,1,20
style.css,32,css,6aa6c96e,xxzhangzzx,2026-04-11,22:27:31,-07:00,2026-04-11T22:27:31-07:00,0,0
style.css,33,css,6aa6c96e,xxzhangzzx,2026-04-11,22:27:31,-07:00,2026-04-11T22:27:31-07:00,0,0
style.css,34,css,6aa6c96e,xxzhangzzx,2026-04-11,22:27:31,-07:00,2026-04-11T22:27:31-07:00,0,11
style.css,35,css,6aa6c96e,xxzhangzzx,2026-04-11,22:27:31,-07:00,2026-04-11T22:27:31-07:00,1,45
style.css,36,css,6aa6c96e,xxzhangzzx,2026-04-11,22:27:31,-07:00,2026-04-11T22:27:31-07:00,1,20
style.css,37,css,09120db0,xxzhangzzx,2026-04-17,22:24:57,-07:00,2026-04-17T22:24:57-07:00,1,69
style.css,38,css,c77e439a,xxzhangzzx,2026-04-11,22:46:10,-07:00,2026-04-11T22:46:10-07:00,0,0
style.css,39,css,c77e439a,xxzhangzzx,2026-04-11,22:46:10,-07:00,2026-04-11T22:46:10-07:00,0,0
style.css,40,css,3288ffe6,xxzhangzzx,2026-04-17,22:39:24,-07:00,2026-04-17T22:39:24-07:00,0,31
style.css,41,css,c77e439a,xxzhangzzx,2026-04-11,22:46:10,-07:00,2026-04-11T22:46:10-07:00,1,12
style.css,42,css,38b7b3ea,xxzhangzzx,2026-04-11,22:57:04,-07:00,2026-04-11T22:57:04-07:00,1,21
style.css,43,css,c77e439a,xxzhangzzx,2026-04-11,22:46:10,-07:00,2026-04-11T22:46:10-07:00,0,0
style.css,44,css,c77e439a,xxzhangzzx,2026-04-11,22:46:10,-07:00,2026-04-11T22:46:10-07:00,0,0
style.css,45,css,38b7b3ea,xxzhangzzx,2026-04-11,22:57:04,-07:00,2026-04-11T22:57:04-07:00,0,4
style.css,46,css,38b7b3ea,xxzhangzzx,2026-04-11,22:57:04,-07:00,2026-04-11T22:57:04-07:00,1,12
style.css,47,css,38b7b3ea,xxzhangzzx,2026-04-11,22:57:04,-07:00,2026-04-11T22:57:04-07:00,1,30
style.css,48,css,38b7b3ea,xxzhangzzx,2026-04-11,22:57:04,-07:00,2026-04-11T22:57:04-07:00,1,7
style.css,49,css,c77e439a,xxzhangzzx,2026-04-11,22:46:10,-07:00,2026-04-11T22:46:10-07:00,0,0
style.css,50,css,c77e439a,xxzhangzzx,2026-04-11,22:46:10,-07:00,2026-04-11T22:46:10-07:00,0,0
style.css,51,css,38b7b3ea,xxzhangzzx,2026-04-11,22:57:04,-07:00,2026-04-11T22:57:04-07:00,0,10
style.css,52,css,38b7b3ea,xxzhangzzx,2026-04-11,22:57:04,-07:00,2026-04-11T22:57:04-07:00,1,12
style.css,53,css,38b7b3ea,xxzhangzzx,2026-04-11,22:57:04,-07:00,2026-04-11T22:57:04-07:00,1,29
style.css,54,css,38b7b3ea,xxzhangzzx,2026-04-11,22:57:04,-07:00,2026-04-11T22:57:04-07:00,1,18
style.css,55,css,38b7b3ea,xxzhangzzx,2026-04-11,22:57:04,-07:00,2026-04-11T22:57:04-07:00,0,0
style.css,56,css,38b7b3ea,xxzhangzzx,2026-04-11,22:57:04,-07:00,2026-04-11T22:57:04-07:00,0,0
style.css,57,css,38b7b3ea,xxzhangzzx,2026-04-11,22:57:04,-07:00,2026-04-11T22:57:04-07:00,0,11
style.css,58,css,38b7b3ea,xxzhangzzx,2026-04-11,22:57:04,-07:00,2026-04-11T22:57:04-07:00,1,18
style.css,59,css,c77e439a,xxzhangzzx,2026-04-11,22:46:10,-07:00,2026-04-11T22:46:10-07:00,0,0
style.css,60,css,c77e439a,xxzhangzzx,2026-04-11,22:46:10,-07:00,2026-04-11T22:46:10-07:00,0,0
style.css,61,css,38b7b3ea,xxzhangzzx,2026-04-11,22:57:04,-07:00,2026-04-11T22:57:04-07:00,0,15
style.css,62,css,38b7b3ea,xxzhangzzx,2026-04-11,22:57:04,-07:00,2026-04-11T22:57:04-07:00,1,10
style.css,63,css,7974f54e,xxzhangzzx,2026-04-11,23:21:29,-07:00,2026-04-11T23:21:29-07:00,0,0
style.css,64,css,7974f54e,xxzhangzzx,2026-04-11,23:21:29,-07:00,2026-04-11T23:21:29-07:00,0,0
style.css,65,css,7974f54e,xxzhangzzx,2026-04-11,23:21:29,-07:00,2026-04-11T23:21:29-07:00,0,9
style.css,66,css,7974f54e,xxzhangzzx,2026-04-11,23:21:29,-07:00,2026-04-11T23:21:29-07:00,1,12
style.css,67,css,7974f54e,xxzhangzzx,2026-04-11,23:21:29,-07:00,2026-04-11T23:21:29-07:00,1,58
style.css,68,css,7974f54e,xxzhangzzx,2026-04-11,23:21:29,-07:00,2026-04-11T23:21:29-07:00,1,7
style.css,69,css,59ef7b78,xxzhangzzx,2026-04-11,23:27:29,-07:00,2026-04-11T23:27:29-07:00,0,0
style.css,70,css,59ef7b78,xxzhangzzx,2026-04-11,23:27:29,-07:00,2026-04-11T23:27:29-07:00,0,0
style.css,71,css,59ef7b78,xxzhangzzx,2026-04-11,23:27:29,-07:00,2026-04-11T23:27:29-07:00,0,17
style.css,72,css,59ef7b78,xxzhangzzx,2026-04-11,23:27:29,-07:00,2026-04-11T23:27:29-07:00,1,12
style.css,73,css,59ef7b78,xxzhangzzx,2026-04-11,23:27:29,-07:00,2026-04-11T23:27:29-07:00,1,26
style.css,74,css,59ef7b78,xxzhangzzx,2026-04-11,23:27:29,-07:00,2026-04-11T23:27:29-07:00,1,15
style.css,75,css,59ef7b78,xxzhangzzx,2026-04-11,23:27:29,-07:00,2026-04-11T23:27:29-07:00,1,7
style.css,76,css,59ef7b78,xxzhangzzx,2026-04-11,23:27:29,-07:00,2026-04-11T23:27:29-07:00,0,0
style.css,77,css,59ef7b78,xxzhangzzx,2026-04-11,23:27:29,-07:00,2026-04-11T23:27:29-07:00,0,0
style.css,78,css,59ef7b78,xxzhangzzx,2026-04-11,23:27:29,-07:00,2026-04-11T23:27:29-07:00,0,12
style.css,79,css,59ef7b78,xxzhangzzx,2026-04-11,23:27:29,-07:00,2026-04-11T23:27:29-07:00,1,8
style.css,80,css,0dc969f0,xxzhangzzx,2026-04-11,23:34:55,-07:00,2026-04-11T23:34:55-07:00,0,0
style.css,81,css,0dc969f0,xxzhangzzx,2026-04-11,23:34:55,-07:00,2026-04-11T23:34:55-07:00,0,0
style.css,82,css,d0efc491,xxzhangzzx,2026-05-01,21:50:51,-07:00,2026-05-01T21:50:51-07:00,0,13
style.css,83,css,d0efc491,xxzhangzzx,2026-05-01,21:50:51,-07:00,2026-05-01T21:50:51-07:00,2,30
style.css,84,css,d0efc491,xxzhangzzx,2026-05-01,21:50:51,-07:00,2026-05-01T21:50:51-07:00,2,34
style.css,85,css,d0efc491,xxzhangzzx,2026-05-01,21:50:51,-07:00,2026-05-01T21:50:51-07:00,2,10
style.css,86,css,d0efc491,xxzhangzzx,2026-05-01,21:50:51,-07:00,2026-05-01T21:50:51-07:00,2,17
style.css,87,css,d0efc491,xxzhangzzx,2026-05-01,21:50:51,-07:00,2026-05-01T21:50:51-07:00,2,15
style.css,88,css,d0efc491,xxzhangzzx,2026-05-01,21:50:51,-07:00,2026-05-01T21:50:51-07:00,0,0
style.css,89,css,d0efc491,xxzhangzzx,2026-05-01,21:50:51,-07:00,2026-05-01T21:50:51-07:00,0,0
style.css,90,css,0dc969f0,xxzhangzzx,2026-04-11,23:34:55,-07:00,2026-04-11T23:34:55-07:00,0,2
style.css,91,css,0dc969f0,xxzhangzzx,2026-04-11,23:34:55,-07:00,2026-04-11T23:34:55-07:00,1,14
style.css,92,css,0dc969f0,xxzhangzzx,2026-04-11,23:34:55,-07:00,2026-04-11T23:34:55-07:00,0,0
style.css,93,css,0dc969f0,xxzhangzzx,2026-04-11,23:34:55,-07:00,2026-04-11T23:34:55-07:00,0,0
style.css,94,css,0dc969f0,xxzhangzzx,2026-04-11,23:34:55,-07:00,2026-04-11T23:34:55-07:00,0,22
style.css,95,css,0dc969f0,xxzhangzzx,2026-04-11,23:34:55,-07:00,2026-04-11T23:34:55-07:00,1,15
style.css,96,css,0dc969f0,xxzhangzzx,2026-04-11,23:34:55,-07:00,2026-04-11T23:34:55-07:00,1,17
style.css,97,css,09d18b12,xxzhangzzx,2026-04-11,23:42:47,-07:00,2026-04-11T23:42:47-07:00,0,0
style.css,98,css,09d18b12,xxzhangzzx,2026-04-11,23:42:47,-07:00,2026-04-11T23:42:47-07:00,0,0
style.css,99,css,09d18b12,xxzhangzzx,2026-04-11,23:42:47,-07:00,2026-04-11T23:42:47-07:00,0,7
style.css,100,css,09d18b12,xxzhangzzx,2026-04-11,23:42:47,-07:00,2026-04-11T23:42:47-07:00,1,17
style.css,101,css,09d18b12,xxzhangzzx,2026-04-11,23:42:47,-07:00,2026-04-11T23:42:47-07:00,0,0
style.css,102,css,09d18b12,xxzhangzzx,2026-04-11,23:42:47,-07:00,2026-04-11T23:42:47-07:00,0,0
style.css,103,css,09d18b12,xxzhangzzx,2026-04-11,23:42:47,-07:00,2026-04-11T23:42:47-07:00,0,10
style.css,104,css,09d18b12,xxzhangzzx,2026-04-11,23:42:47,-07:00,2026-04-11T23:42:47-07:00,1,16
style.css,105,css,09d18b12,xxzhangzzx,2026-04-11,23:42:47,-07:00,2026-04-11T23:42:47-07:00,1,21
style.css,106,css,09d18b12,xxzhangzzx,2026-04-11,23:42:47,-07:00,2026-04-11T23:42:47-07:00,1,18
style.css,107,css,09d18b12,xxzhangzzx,2026-04-11,23:42:47,-07:00,2026-04-11T23:42:47-07:00,0,0
style.css,108,css,09d18b12,xxzhangzzx,2026-04-11,23:42:47,-07:00,2026-04-11T23:42:47-07:00,0,0
style.css,109,css,09d18b12,xxzhangzzx,2026-04-11,23:42:47,-07:00,2026-04-11T23:42:47-07:00,0,7
style.css,110,css,09d18b12,xxzhangzzx,2026-04-11,23:42:47,-07:00,2026-04-11T23:42:47-07:00,1,17
style.css,111,css,09d18b12,xxzhangzzx,2026-04-11,23:42:47,-07:00,2026-04-11T23:42:47-07:00,0,0
style.css,112,css,09d18b12,xxzhangzzx,2026-04-11,23:42:47,-07:00,2026-04-11T23:42:47-07:00,0,0
style.css,113,css,09d18b12,xxzhangzzx,2026-04-11,23:42:47,-07:00,2026-04-11T23:42:47-07:00,0,10
style.css,114,css,09d18b12,xxzhangzzx,2026-04-11,23:42:47,-07:00,2026-04-11T23:42:47-07:00,1,21
style.css,115,css,09d18b12,xxzhangzzx,2026-04-11,23:42:47,-07:00,2026-04-11T23:42:47-07:00,0,0
style.css,116,css,09d18b12,xxzhangzzx,2026-04-11,23:42:47,-07:00,2026-04-11T23:42:47-07:00,0,0
style.css,117,css,09d18b12,xxzhangzzx,2026-04-11,23:42:47,-07:00,2026-04-11T23:42:47-07:00,0,16
style.css,118,css,09d18b12,xxzhangzzx,2026-04-11,23:42:47,-07:00,2026-04-11T23:42:47-07:00,1,8
style.css,119,css,09d18b12,xxzhangzzx,2026-04-11,23:42:47,-07:00,2026-04-11T23:42:47-07:00,1,10
style.css,120,css,09d18b12,xxzhangzzx,2026-04-11,23:42:47,-07:00,2026-04-11T23:42:47-07:00,0,0
style.css,121,css,09d18b12,xxzhangzzx,2026-04-11,23:42:47,-07:00,2026-04-11T23:42:47-07:00,0,0
style.css,122,css,09d18b12,xxzhangzzx,2026-04-11,23:42:47,-07:00,2026-04-11T23:42:47-07:00,0,4
style.css,123,css,09d18b12,xxzhangzzx,2026-04-11,23:42:47,-07:00,2026-04-11T23:42:47-07:00,1,10
style.css,124,css,09d18b12,xxzhangzzx,2026-04-11,23:42:47,-07:00,2026-04-11T23:42:47-07:00,1,17
style.css,125,css,09d18b12,xxzhangzzx,2026-04-11,23:42:47,-07:00,2026-04-11T23:42:47-07:00,0,0
style.css,126,css,09d18b12,xxzhangzzx,2026-04-11,23:42:47,-07:00,2026-04-11T23:42:47-07:00,0,0
style.css,127,css,09d18b12,xxzhangzzx,2026-04-11,23:42:47,-07:00,2026-04-11T23:42:47-07:00,0,11
style.css,128,css,09d18b12,xxzhangzzx,2026-04-11,23:42:47,-07:00,2026-04-11T23:42:47-07:00,0,9
style.css,129,css,09d18b12,xxzhangzzx,2026-04-11,23:42:47,-07:00,2026-04-11T23:42:47-07:00,1,25
style.css,130,css,09d18b12,xxzhangzzx,2026-04-11,23:42:47,-07:00,2026-04-11T23:42:47-07:00,0,0
style.css,131,css,09d18b12,xxzhangzzx,2026-04-11,23:42:47,-07:00,2026-04-11T23:42:47-07:00,0,0
style.css,132,css,09d18b12,xxzhangzzx,2026-04-11,23:42:47,-07:00,2026-04-11T23:42:47-07:00,0,2
style.css,133,css,09d18b12,xxzhangzzx,2026-04-11,23:42:47,-07:00,2026-04-11T23:42:47-07:00,1,19
style.css,134,css,09d18b12,xxzhangzzx,2026-04-11,23:42:47,-07:00,2026-04-11T23:42:47-07:00,0,0
style.css,135,css,09d18b12,xxzhangzzx,2026-04-11,23:42:47,-07:00,2026-04-11T23:42:47-07:00,0,0
style.css,136,css,09d18b12,xxzhangzzx,2026-04-11,23:42:47,-07:00,2026-04-11T23:42:47-07:00,0,2
style.css,137,css,09d18b12,xxzhangzzx,2026-04-11,23:42:47,-07:00,2026-04-11T23:42:47-07:00,1,19
style.css,138,css,3288ffe6,xxzhangzzx,2026-04-17,22:39:24,-07:00,2026-04-17T22:39:24-07:00,0,0
style.css,139,css,3288ffe6,xxzhangzzx,2026-04-17,22:39:24,-07:00,2026-04-17T22:39:24-07:00,0,0
style.css,140,css,3288ffe6,xxzhangzzx,2026-04-17,22:39:24,-07:00,2026-04-17T22:39:24-07:00,0,13
style.css,141,css,3288ffe6,xxzhangzzx,2026-04-17,22:39:24,-07:00,2026-04-17T22:39:24-07:00,2,17
style.css,142,css,3288ffe6,xxzhangzzx,2026-04-17,22:39:24,-07:00,2026-04-17T22:39:24-07:00,2,8
style.css,143,css,3288ffe6,xxzhangzzx,2026-04-17,22:39:24,-07:00,2026-04-17T22:39:24-07:00,2,10
style.css,144,css,3288ffe6,xxzhangzzx,2026-04-17,22:39:24,-07:00,2026-04-17T22:39:24-07:00,2,13
style.css,145,css,3288ffe6,xxzhangzzx,2026-04-17,22:39:24,-07:00,2026-04-17T22:39:24-07:00,0,0
style.css,146,css,3288ffe6,xxzhangzzx,2026-04-17,22:39:24,-07:00,2026-04-17T22:39:24-07:00,0,0
style.css,147,css,3288ffe6,xxzhangzzx,2026-04-17,22:39:24,-07:00,2026-04-17T22:39:24-07:00,0,20
style.css,148,css,3288ffe6,xxzhangzzx,2026-04-17,22:39:24,-07:00,2026-04-17T22:39:24-07:00,2,18
style.css,149,css,e4e52469,xxzhangzzx,2026-04-25,00:29:49,-07:00,2026-04-25T00:29:49-07:00,0,0
style.css,150,css,e4e52469,xxzhangzzx,2026-04-25,00:29:49,-07:00,2026-04-25T00:29:49-07:00,0,0
style.css,151,css,e4e52469,xxzhangzzx,2026-04-25,00:29:49,-07:00,2026-04-25T00:29:49-07:00,0,17
style.css,152,css,e4e52469,xxzhangzzx,2026-04-25,00:29:49,-07:00,2026-04-25T00:29:49-07:00,1,12
style.css,153,css,e4e52469,xxzhangzzx,2026-04-25,00:29:49,-07:00,2026-04-25T00:29:49-07:00,1,36
style.css,154,css,e4e52469,xxzhangzzx,2026-04-25,00:29:49,-07:00,2026-04-25T00:29:49-07:00,1,17
style.css,155,css,e4e52469,xxzhangzzx,2026-04-25,00:29:49,-07:00,2026-04-25T00:29:49-07:00,0,0
style.css,156,css,e4e52469,xxzhangzzx,2026-04-25,00:29:49,-07:00,2026-04-25T00:29:49-07:00,0,0
style.css,157,css,e4e52469,xxzhangzzx,2026-04-25,00:29:49,-07:00,2026-04-25T00:29:49-07:00,0,17
style.css,158,css,e4e52469,xxzhangzzx,2026-04-25,00:29:49,-07:00,2026-04-25T00:29:49-07:00,1,10
style.css,159,css,e4e52469,xxzhangzzx,2026-04-25,00:29:49,-07:00,2026-04-25T00:29:49-07:00,1,16
style.css,160,css,e4e52469,xxzhangzzx,2026-04-25,00:29:49,-07:00,2026-04-25T00:29:49-07:00,0,0
style.css,161,css,e4e52469,xxzhangzzx,2026-04-25,00:29:49,-07:00,2026-04-25T00:29:49-07:00,0,0
style.css,162,css,e4e52469,xxzhangzzx,2026-04-25,00:29:49,-07:00,2026-04-25T00:29:49-07:00,0,17
style.css,163,css,e4e52469,xxzhangzzx,2026-04-25,00:29:49,-07:00,2026-04-25T00:29:49-07:00,1,10
style.css,164,css,e4e52469,xxzhangzzx,2026-04-25,00:29:49,-07:00,2026-04-25T00:29:49-07:00,1,8
style.css,165,css,3f9aff80,xxzhangzzx,2026-05-01,21:55:14,-07:00,2026-05-01T21:55:14-07:00,0,0
style.css,166,css,3f9aff80,xxzhangzzx,2026-05-01,21:55:14,-07:00,2026-05-01T21:55:14-07:00,0,0
style.css,167,css,3f9aff80,xxzhangzzx,2026-05-01,21:55:14,-07:00,2026-05-01T21:55:14-07:00,0,18
style.css,168,css,3f9aff80,xxzhangzzx,2026-05-01,21:55:14,-07:00,2026-05-01T21:55:14-07:00,1,14
style.css,169,css,3f9aff80,xxzhangzzx,2026-05-01,21:55:14,-07:00,2026-05-01T21:55:14-07:00,1,16
style.css,170,css,5cc0b605,xxzhangzzx,2026-05-01,22:39:32,-07:00,2026-05-01T22:39:32-07:00,0,0
style.css,171,css,5cc0b605,xxzhangzzx,2026-05-01,22:39:32,-07:00,2026-05-01T22:39:32-07:00,0,0
style.css,172,css,833c306e,xxzhangzzx,2026-05-01,22:44:46,-07:00,2026-05-01T22:44:46-07:00,0,10
style.css,173,css,833c306e,xxzhangzzx,2026-05-01,22:44:46,-07:00,2026-05-01T22:44:46-07:00,1,12
style.css,174,css,833c306e,xxzhangzzx,2026-05-01,22:44:46,-07:00,2026-05-01T22:44:46-07:00,1,18
style.css,175,css,833c306e,xxzhangzzx,2026-05-01,22:44:46,-07:00,2026-05-01T22:44:46-07:00,1,7
style.css,176,css,833c306e,xxzhangzzx,2026-05-01,22:44:46,-07:00,2026-05-01T22:44:46-07:00,1,16
style.css,177,css,833c306e,xxzhangzzx,2026-05-01,22:44:46,-07:00,2026-05-01T22:44:46-07:00,0,0
style.css,178,css,833c306e,xxzhangzzx,2026-05-01,22:44:46,-07:00,2026-05-01T22:44:46-07:00,0,0
style.css,179,css,833c306e,xxzhangzzx,2026-05-01,22:44:46,-07:00,2026-05-01T22:44:46-07:00,0,18
style.css,180,css,833c306e,xxzhangzzx,2026-05-01,22:44:46,-07:00,2026-05-01T22:44:46-07:00,1,6
style.css,181,css,833c306e,xxzhangzzx,2026-05-01,22:44:46,-07:00,2026-05-01T22:44:46-07:00,0,0
style.css,182,css,833c306e,xxzhangzzx,2026-05-01,22:44:46,-07:00,2026-05-01T22:44:46-07:00,0,0
style.css,183,css,5cc0b605,xxzhangzzx,2026-05-01,22:39:32,-07:00,2026-05-01T22:39:32-07:00,0,7
style.css,184,css,5cc0b605,xxzhangzzx,2026-05-01,22:39:32,-07:00,2026-05-01T22:39:32-07:00,1,15
style.css,185,css,5cc0b605,xxzhangzzx,2026-05-01,22:39:32,-07:00,2026-05-01T22:39:32-07:00,1,11
style.css,186,css,833c306e,xxzhangzzx,2026-05-01,22:44:46,-07:00,2026-05-01T22:44:46-07:00,1,8
style.css,187,css,5cc0b605,xxzhangzzx,2026-05-01,22:39:32,-07:00,2026-05-01T22:39:32-07:00,1,42
style.css,188,css,5cc0b605,xxzhangzzx,2026-05-01,22:39:32,-07:00,2026-05-01T22:39:32-07:00,1,12
style.css,189,css,5cc0b605,xxzhangzzx,2026-05-01,22:39:32,-07:00,2026-05-01T22:39:32-07:00,1,57
style.css,190,css,5cc0b605,xxzhangzzx,2026-05-01,22:39:32,-07:00,2026-05-01T22:39:32-07:00,1,7
style.css,191,css,5cc0b605,xxzhangzzx,2026-05-01,22:39:32,-07:00,2026-05-01T22:39:32-07:00,0,0
style.css,192,css,5cc0b605,xxzhangzzx,2026-05-01,22:39:32,-07:00,2026-05-01T22:39:32-07:00,0,0
style.css,193,css,5cc0b605,xxzhangzzx,2026-05-01,22:39:32,-07:00,2026-05-01T22:39:32-07:00,0,12
style.css,194,css,5cc0b605,xxzhangzzx,2026-05-01,22:39:32,-07:00,2026-05-01T22:39:32-07:00,1,12
style.css,195,css,5cc0b605,xxzhangzzx,2026-05-01,22:39:32,-07:00,2026-05-01T22:39:32-07:00,1,18
style.css,196,css,5cc0b605,xxzhangzzx,2026-05-01,22:39:32,-07:00,2026-05-01T22:39:32-07:00,1,9
style.css,197,css,5cc0b605,xxzhangzzx,2026-05-01,22:39:32,-07:00,2026-05-01T22:39:32-07:00,0,0
style.css,198,css,5cc0b605,xxzhangzzx,2026-05-01,22:39:32,-07:00,2026-05-01T22:39:32-07:00,0,0
style.css,199,css,5cc0b605,xxzhangzzx,2026-05-01,22:39:32,-07:00,2026-05-01T22:39:32-07:00,0,7
style.css,200,css,5cc0b605,xxzhangzzx,2026-05-01,22:39:32,-07:00,2026-05-01T22:39:32-07:00,1,20
style.css,201,css,5cc0b605,xxzhangzzx,2026-05-01,22:39:32,-07:00,2026-05-01T22:39:32-07:00,1,9
style.css,202,css,5cc0b605,xxzhangzzx,2026-05-01,22:39:32,-07:00,2026-05-01T22:39:32-07:00,1,18
style.css,203,css,5cc0b605,xxzhangzzx,2026-05-01,22:39:32,-07:00,2026-05-01T22:39:32-07:00,1,29
style.css,204,css,5cc0b605,xxzhangzzx,2026-05-01,22:39:32,-07:00,2026-05-01T22:39:32-07:00,1,17
style.css,205,css,1f33db1b,xxzhangzzx,2026-05-01,23:01:28,-07:00,2026-05-01T23:01:28-07:00,0,0
style.css,206,css,1f33db1b,xxzhangzzx,2026-05-01,23:01:28,-07:00,2026-05-01T23:01:28-07:00,0,0
style.css,207,css,1f33db1b,xxzhangzzx,2026-05-01,23:01:28,-07:00,2026-05-01T23:01:28-07:00,0,10
style.css,208,css,1f33db1b,xxzhangzzx,2026-05-01,23:01:28,-07:00,2026-05-01T23:01:28-07:00,1,10
style.css,209,css,1f33db1b,xxzhangzzx,2026-05-01,23:01:28,-07:00,2026-05-01T23:01:28-07:00,1,16
style.css,210,css,1f33db1b,xxzhangzzx,2026-05-01,23:01:28,-07:00,2026-05-01T23:01:28-07:00,1,18
style.css,211,css,1f33db1b,xxzhangzzx,2026-05-01,23:01:28,-07:00,2026-05-01T23:01:28-07:00,1,36
style.css,212,css,1f33db1b,xxzhangzzx,2026-05-01,23:01:28,-07:00,2026-05-01T23:01:28-07:00,1,19
style.css,213,css,b0c0a47f,xxzhangzzx,2026-05-01,23:12:03,-07:00,2026-05-01T23:12:03-07:00,0,0
style.css,214,css,b0c0a47f,xxzhangzzx,2026-05-01,23:12:03,-07:00,2026-05-01T23:12:03-07:00,0,0
style.css,215,css,b0c0a47f,xxzhangzzx,2026-05-01,23:12:03,-07:00,2026-05-01T23:12:03-07:00,0,51
style.css,216,css,b0c0a47f,xxzhangzzx,2026-05-01,23:12:03,-07:00,2026-05-01T23:12:03-07:00,1,11
style.css,217,css,b0c0a47f,xxzhangzzx,2026-05-01,23:12:03,-07:00,2026-05-01T23:12:03-07:00,0,0
style.css,218,css,b0c0a47f,xxzhangzzx,2026-05-01,23:12:03,-07:00,2026-05-01T23:12:03-07:00,0,0
style.css,219,css,b0c0a47f,xxzhangzzx,2026-05-01,23:12:03,-07:00,2026-05-01T23:12:03-07:00,0,23
style.css,220,css,b0c0a47f,xxzhangzzx,2026-05-01,23:12:03,-07:00,2026-05-01T23:12:03-07:00,1,16
style.css,221,css,b0c0a47f,xxzhangzzx,2026-05-01,23:12:03,-07:00,2026-05-01T23:12:03-07:00,1,14
style.css,222,css,b0c0a47f,xxzhangzzx,2026-05-01,23:12:03,-07:00,2026-05-01T23:12:03-07:00,0,0
style.css,223,css,b0c0a47f,xxzhangzzx,2026-05-01,23:12:03,-07:00,2026-05-01T23:12:03-07:00,0,0
style.css,224,css,b0c0a47f,xxzhangzzx,2026-05-01,23:12:03,-07:00,2026-05-01T23:12:03-07:00,0,9
style.css,225,css,b0c0a47f,xxzhangzzx,2026-05-01,23:12:03,-07:00,2026-05-01T23:12:03-07:00,1,35
style.css,226,css,b0c0a47f,xxzhangzzx,2026-05-01,23:12:03,-07:00,2026-05-01T23:12:03-07:00,0,0
style.css,227,css,b0c0a47f,xxzhangzzx,2026-05-01,23:12:03,-07:00,2026-05-01T23:12:03-07:00,0,0
style.css,228,css,b0c0a47f,xxzhangzzx,2026-05-01,23:12:03,-07:00,2026-05-01T23:12:03-07:00,0,32
style.css,229,css,b0c0a47f,xxzhangzzx,2026-05-01,23:12:03,-07:00,2026-05-01T23:12:03-07:00,1,17
style.css,230,css,b0c0a47f,xxzhangzzx,2026-05-01,23:12:03,-07:00,2026-05-01T23:12:03-07:00,0,0
style.css,231,css,b0c0a47f,xxzhangzzx,2026-05-01,23:12:03,-07:00,2026-05-01T23:12:03-07:00,0,0
style.css,232,css,b0c0a47f,xxzhangzzx,2026-05-01,23:12:03,-07:00,2026-05-01T23:12:03-07:00,0,21
style.css,233,css,b0c0a47f,xxzhangzzx,2026-05-01,23:12:03,-07:00,2026-05-01T23:12:03-07:00,1,18
style.css,234,css,b0c0a47f,xxzhangzzx,2026-05-01,23:12:03,-07:00,2026-05-01T23:12:03-07:00,1,16
style.css,235,css,b0c0a47f,xxzhangzzx,2026-05-01,23:12:03,-07:00,2026-05-01T23:12:03-07:00,0,0
style.css,236,css,b0c0a47f,xxzhangzzx,2026-05-01,23:12:03,-07:00,2026-05-01T23:12:03-07:00,0,0
style.css,237,css,2fad2661,xxzhangzzx,2026-05-01,23:15:05,-07:00,2026-05-01T23:15:05-07:00,0,29
style.css,238,css,2fad2661,xxzhangzzx,2026-05-01,23:15:05,-07:00,2026-05-01T23:15:05-07:00,1,29
style.css,239,css,2fad2661,xxzhangzzx,2026-05-01,23:15:05,-07:00,2026-05-01T23:15:05-07:00,0,0
style.css,240,css,2fad2661,xxzhangzzx,2026-05-01,23:15:05,-07:00,2026-05-01T23:15:05-07:00,0,0
style.css,241,css,2fad2661,xxzhangzzx,2026-05-01,23:15:05,-07:00,2026-05-01T23:15:05-07:00,0,51
style.css,242,css,2fad2661,xxzhangzzx,2026-05-01,23:15:05,-07:00,2026-05-01T23:15:05-07:00,1,11
style.css,243,css,2fad2661,xxzhangzzx,2026-05-01,23:15:05,-07:00,2026-05-01T23:15:05-07:00,0,0
style.css,244,css,2fad2661,xxzhangzzx,2026-05-01,23:15:05,-07:00,2026-05-01T23:15:05-07:00,0,0
style.css,245,css,2fad2661,xxzhangzzx,2026-05-01,23:15:05,-07:00,2026-05-01T23:15:05-07:00,0,23
style.css,246,css,2fad2661,xxzhangzzx,2026-05-01,23:15:05,-07:00,2026-05-01T23:15:05-07:00,1,16
style.css,247,css,2fad2661,xxzhangzzx,2026-05-01,23:15:05,-07:00,2026-05-01T23:15:05-07:00,1,14
style.css,248,css,2fad2661,xxzhangzzx,2026-05-01,23:15:05,-07:00,2026-05-01T23:15:05-07:00,0,0
style.css,249,css,2fad2661,xxzhangzzx,2026-05-01,23:15:05,-07:00,2026-05-01T23:15:05-07:00,0,0
style.css,250,css,2fad2661,xxzhangzzx,2026-05-01,23:15:05,-07:00,2026-05-01T23:15:05-07:00,0,9
style.css,251,css,2fad2661,xxzhangzzx,2026-05-01,23:15:05,-07:00,2026-05-01T23:15:05-07:00,1,35
style.css,252,css,2fad2661,xxzhangzzx,2026-05-01,23:15:05,-07:00,2026-05-01T23:15:05-07:00,0,0
style.css,253,css,2fad2661,xxzhangzzx,2026-05-01,23:15:05,-07:00,2026-05-01T23:15:05-07:00,0,0
style.css,254,css,2fad2661,xxzhangzzx,2026-05-01,23:15:05,-07:00,2026-05-01T23:15:05-07:00,0,32
style.css,255,css,2fad2661,xxzhangzzx,2026-05-01,23:15:05,-07:00,2026-05-01T23:15:05-07:00,1,17
style.css,256,css,2fad2661,xxzhangzzx,2026-05-01,23:15:05,-07:00,2026-05-01T23:15:05-07:00,0,0
style.css,257,css,2fad2661,xxzhangzzx,2026-05-01,23:15:05,-07:00,2026-05-01T23:15:05-07:00,0,0
style.css,258,css,2fad2661,xxzhangzzx,2026-05-01,23:15:05,-07:00,2026-05-01T23:15:05-07:00,0,12
style.css,259,css,2fad2661,xxzhangzzx,2026-05-01,23:15:05,-07:00,2026-05-01T23:15:05-07:00,1,14
style.css,260,css,2fad2661,xxzhangzzx,2026-05-01,23:15:05,-07:00,2026-05-01T23:15:05-07:00,0,0
style.css,261,css,2fad2661,xxzhangzzx,2026-05-01,23:15:05,-07:00,2026-05-01T23:15:05-07:00,0,0
style.css,262,css,2fad2661,xxzhangzzx,2026-05-01,23:15:05,-07:00,2026-05-01T23:15:05-07:00,0,21
style.css,263,css,2fad2661,xxzhangzzx,2026-05-01,23:15:05,-07:00,2026-05-01T23:15:05-07:00,1,18
style.css,264,css,2fad2661,xxzhangzzx,2026-05-01,23:15:05,-07:00,2026-05-01T23:15:05-07:00,1,16
style.css,265,css,2fad2661,xxzhangzzx,2026-05-01,23:15:05,-07:00,2026-05-01T23:15:05-07:00,0,0
style.css,266,css,2fad2661,xxzhangzzx,2026-05-01,23:15:05,-07:00,2026-05-01T23:15:05-07:00,0,0
style.css,267,css,b0c0a47f,xxzhangzzx,2026-05-01,23:12:03,-07:00,2026-05-01T23:12:03-07:00,0,29
style.css,268,css,b0c0a47f,xxzhangzzx,2026-05-01,23:12:03,-07:00,2026-05-01T23:12:03-07:00,1,29
style.css,269,css,ded4f225,xxzhangzzx,2026-05-09,20:36:13,-07:00,2026-05-09T20:36:13-07:00,0,0
style.css,270,css,ded4f225,xxzhangzzx,2026-05-09,20:36:13,-07:00,2026-05-09T20:36:13-07:00,0,0
style.css,271,css,ded4f225,xxzhangzzx,2026-05-09,20:36:13,-07:00,2026-05-09T20:36:13-07:00,0,6
style.css,272,css,ded4f225,xxzhangzzx,2026-05-09,20:36:13,-07:00,2026-05-09T20:36:13-07:00,1,12
style.css,273,css,ded4f225,xxzhangzzx,2026-05-09,20:36:13,-07:00,2026-05-09T20:36:13-07:00,1,36
style.css,274,css,ded4f225,xxzhangzzx,2026-05-09,20:36:13,-07:00,2026-05-09T20:36:13-07:00,1,7
style.css,275,css,ded4f225,xxzhangzzx,2026-05-09,20:36:13,-07:00,2026-05-09T20:36:13-07:00,1,16
style.css,276,css,ded4f225,xxzhangzzx,2026-05-09,20:36:13,-07:00,2026-05-09T20:36:13-07:00,0,0
style.css,277,css,ded4f225,xxzhangzzx,2026-05-09,20:36:13,-07:00,2026-05-09T20:36:13-07:00,0,0
style.css,278,css,ded4f225,xxzhangzzx,2026-05-09,20:36:13,-07:00,2026-05-09T20:36:13-07:00,0,9
style.css,279,css,ded4f225,xxzhangzzx,2026-05-09,20:36:13,-07:00,2026-05-09T20:36:13-07:00,1,16
style.css,280,css,ded4f225,xxzhangzzx,2026-05-09,20:36:13,-07:00,2026-05-09T20:36:13-07:00,1,25
style.css,281,css,ded4f225,xxzhangzzx,2026-05-09,20:36:13,-07:00,2026-05-09T20:36:13-07:00,0,0
style.css,282,css,ded4f225,xxzhangzzx,2026-05-09,20:36:13,-07:00,2026-05-09T20:36:13-07:00,0,0
style.css,283,css,ded4f225,xxzhangzzx,2026-05-09,20:36:13,-07:00,2026-05-09T20:36:13-07:00,0,9
style.css,284,css,ded4f225,xxzhangzzx,2026-05-09,20:36:13,-07:00,2026-05-09T20:36:13-07:00,1,8
style.css,285,css,ded4f225,xxzhangzzx,2026-05-09,20:36:13,-07:00,2026-05-09T20:36:13-07:00,1,15
style.css,286,css,ded4f225,xxzhangzzx,2026-05-09,20:36:13,-07:00,2026-05-09T20:36:13-07:00,0,0
style.css,287,css,ded4f225,xxzhangzzx,2026-05-09,20:36:13,-07:00,2026-05-09T20:36:13-07:00,0,0
style.css,288,css,ded4f225,xxzhangzzx,2026-05-09,20:36:13,-07:00,2026-05-09T20:36:13-07:00,0,25
style.css,289,css,ded4f225,xxzhangzzx,2026-05-09,20:36:13,-07:00,2026-05-09T20:36:13-07:00,1,6
style.css,290,css,ded4f225,xxzhangzzx,2026-05-09,20:36:13,-07:00,2026-05-09T20:36:13-07:00,2,36
style.css,291,css,ded4f225,xxzhangzzx,2026-05-09,20:36:13,-07:00,2026-05-09T20:36:13-07:00,1,0
style.css,292,css,00000000,Not Committed Yet,2026-05-09,22:22:18,-07:00,2026-05-09T22:22:18-07:00,0,0
style.css,293,css,00000000,Not Committed Yet,2026-05-09,22:22:18,-07:00,2026-05-09T22:22:18-07:00,0,0
style.css,294,css,00000000,Not Committed Yet,2026-05-09,22:22:18,-07:00,2026-05-09T22:22:18-07:00,0,6
style.css,295,css,00000000,Not Committed Yet,2026-05-09,22:22:18,-07:00,2026-05-09T22:22:18-07:00,1,14
style.css,296,css,00000000,Not Committed Yet,2026-05-09,22:22:18,-07:00,2026-05-09T22:22:18-07:00,1,16
style.css,297,css,00000000,Not Committed Yet,2026-05-09,22:22:18,-07:00,2026-05-09T22:22:18-07:00,0,0
style.css,298,css,00000000,Not Committed Yet,2026-05-09,22:22:18,-07:00,2026-05-09T22:22:18-07:00,0,0
style.css,299,css,00000000,Not Committed Yet,2026-05-09,22:22:18,-07:00,2026-05-09T22:22:18-07:00,0,12
style.css,300,css,00000000,Not Committed Yet,2026-05-09,22:22:18,-07:00,2026-05-09T22:22:18-07:00,1,24
style.css,301,css,00000000,Not Committed Yet,2026-05-09,22:22:18,-07:00,2026-05-09T22:22:18-07:00,1,17
style.css,302,css,00000000,Not Committed Yet,2026-05-09,22:22:18,-07:00,2026-05-09T22:22:18-07:00,0,0
style.css,303,css,00000000,Not Committed Yet,2026-05-09,22:22:18,-07:00,2026-05-09T22:22:18-07:00,0,0
style.css,304,css,00000000,Not Committed Yet,2026-05-09,22:22:18,-07:00,2026-05-09T22:22:18-07:00,0,15
style.css,305,css,00000000,Not Committed Yet,2026-05-09,22:22:18,-07:00,2026-05-09T22:22:18-07:00,1,19
style.css,306,css,00000000,Not Committed Yet,2026-05-09,22:22:18,-07:00,2026-05-09T22:22:18-07:00,1,19
style.css,307,css,00000000,Not Committed Yet,2026-05-09,22:22:18,-07:00,2026-05-09T22:22:18-07:00,0,0
style.css,308,css,00000000,Not Committed Yet,2026-05-09,22:22:18,-07:00,2026-05-09T22:22:18-07:00,0,0
style.css,309,css,00000000,Not Committed Yet,2026-05-09,22:22:18,-07:00,2026-05-09T22:22:18-07:00,0,15
style.css,310,css,00000000,Not Committed Yet,2026-05-09,22:22:18,-07:00,2026-05-09T22:22:18-07:00,1,12
style.css,311,css,53b9a80e,xxzhangzzx,2026-04-04,22:43:18,-07:00,2026-04-04T22:43:18-07:00,0,0
index.js,1,js,6ac426c8,xxzhangzzx,2026-04-25,00:43:21,-07:00,2026-04-25T00:43:21-07:00,0,71
index.js,2,js,defbdade,xxzhangzzx,2026-04-24,23:51:55,-07:00,2026-04-24T23:51:55-07:00,0,0
index.js,3,js,defbdade,xxzhangzzx,2026-04-24,23:51:55,-07:00,2026-04-24T23:51:55-07:00,0,54
index.js,4,js,defbdade,xxzhangzzx,2026-04-24,23:51:55,-07:00,2026-04-24T23:51:55-07:00,0,42
index.js,5,js,defbdade,xxzhangzzx,2026-04-24,23:51:55,-07:00,2026-04-24T23:51:55-07:00,0,0
index.js,6,js,defbdade,xxzhangzzx,2026-04-24,23:51:55,-07:00,2026-04-24T23:51:55-07:00,0,60
index.js,7,js,e4e52469,xxzhangzzx,2026-04-25,00:29:49,-07:00,2026-04-25T00:29:49-07:00,0,54
index.js,8,js,defbdade,xxzhangzzx,2026-04-24,23:51:55,-07:00,2026-04-24T23:51:55-07:00,0,0
index.js,9,js,e4e52469,xxzhangzzx,2026-04-25,00:29:49,-07:00,2026-04-25T00:29:49-07:00,0,53
index.js,10,js,e4e52469,xxzhangzzx,2026-04-25,00:29:49,-07:00,2026-04-25T00:29:49-07:00,0,0
index.js,11,js,e4e52469,xxzhangzzx,2026-04-25,00:29:49,-07:00,2026-04-25T00:29:49-07:00,0,60
index.js,12,js,e4e52469,xxzhangzzx,2026-04-25,00:29:49,-07:00,2026-04-25T00:29:49-07:00,0,0
index.js,13,js,e4e52469,xxzhangzzx,2026-04-25,00:29:49,-07:00,2026-04-25T00:29:49-07:00,0,17
index.js,14,js,e4e52469,xxzhangzzx,2026-04-25,00:29:49,-07:00,2026-04-25T00:29:49-07:00,1,24
index.js,15,js,e4e52469,xxzhangzzx,2026-04-25,00:29:49,-07:00,2026-04-25T00:29:49-07:00,2,2
index.js,16,js,e4e52469,xxzhangzzx,2026-04-25,00:29:49,-07:00,2026-04-25T00:29:49-07:00,3,55
index.js,17,js,e4e52469,xxzhangzzx,2026-04-25,00:29:49,-07:00,2026-04-25T00:29:49-07:00,3,55
index.js,18,js,e4e52469,xxzhangzzx,2026-04-25,00:29:49,-07:00,2026-04-25T00:29:49-07:00,3,49
index.js,19,js,e4e52469,xxzhangzzx,2026-04-25,00:29:49,-07:00,2026-04-25T00:29:49-07:00,3,49
index.js,20,js,e4e52469,xxzhangzzx,2026-04-25,00:29:49,-07:00,2026-04-25T00:29:49-07:00,2,3
index.js,21,js,e4e52469,xxzhangzzx,2026-04-25,00:29:49,-07:00,2026-04-25T00:29:49-07:00,1,0
index.js,22,js,e4e52469,xxzhangzzx,2026-04-25,00:29:49,-07:00,2026-04-25T00:29:49-07:00,0,0
index.html,1,html,c673644b,xxzhangzzx,2026-04-04,21:34:24,-07:00,2026-04-04T21:34:24-07:00,0,13
index.html,2,html,c673644b,xxzhangzzx,2026-04-04,21:34:24,-07:00,2026-04-04T21:34:24-07:00,0,14
index.html,3,html,c673644b,xxzhangzzx,2026-04-04,21:34:24,-07:00,2026-04-04T21:34:24-07:00,0,4
index.html,4,html,c673644b,xxzhangzzx,2026-04-04,21:34:24,-07:00,2026-04-04T21:34:24-07:00,2,20
index.html,5,html,c673644b,xxzhangzzx,2026-04-04,21:34:24,-07:00,2026-04-04T21:34:24-07:00,2,68
index.html,6,html,c673644b,xxzhangzzx,2026-04-04,21:34:24,-07:00,2026-04-04T21:34:24-07:00,2,56
index.html,7,html,23e4820e,xxzhangzzx,2026-04-04,23:21:11,-07:00,2026-04-04T23:21:11-07:00,2,38
index.html,8,html,c673644b,xxzhangzzx,2026-04-04,21:34:24,-07:00,2026-04-04T21:34:24-07:00,0,5
index.html,9,html,c673644b,xxzhangzzx,2026-04-04,21:34:24,-07:00,2026-04-04T21:34:24-07:00,0,4
index.html,10,html,38974d26,xxzhangzzx,2026-04-04,22:59:28,-07:00,2026-04-04T22:59:28-07:00,0,0
index.html,11,html,c673644b,xxzhangzzx,2026-04-04,21:34:24,-07:00,2026-04-04T21:34:24-07:00,2,21
index.html,12,html,c673644b,xxzhangzzx,2026-04-04,21:34:24,-07:00,2026-04-04T21:34:24-07:00,2,128
index.html,13,html,805c791f,xxzhangzzx,2026-04-04,23:46:43,-07:00,2026-04-04T23:46:43-07:00,2,85
index.html,14,html,defbdade,xxzhangzzx,2026-04-24,23:51:55,-07:00,2026-04-24T23:51:55-07:00,0,0
index.html,15,html,e4e52469,xxzhangzzx,2026-04-25,00:29:49,-07:00,2026-04-25T00:29:49-07:00,2,19
index.html,16,html,e4e52469,xxzhangzzx,2026-04-25,00:29:49,-07:00,2026-04-25T00:29:49-07:00,2,22
index.html,17,html,e4e52469,xxzhangzzx,2026-04-25,00:29:49,-07:00,2026-04-25T00:29:49-07:00,4,35
index.html,18,html,e4e52469,xxzhangzzx,2026-04-25,00:29:49,-07:00,2026-04-25T00:29:49-07:00,2,4
index.html,19,html,e4e52469,xxzhangzzx,2026-04-25,00:29:49,-07:00,2026-04-25T00:29:49-07:00,0,0
index.html,20,html,defbdade,xxzhangzzx,2026-04-24,23:51:55,-07:00,2026-04-24T23:51:55-07:00,2,22
index.html,21,html,e4e52469,xxzhangzzx,2026-04-25,00:29:49,-07:00,2026-04-25T00:29:49-07:00,2,20
index.html,22,html,e4e52469,xxzhangzzx,2026-04-25,00:29:49,-07:00,2026-04-25T00:29:49-07:00,4,49
index.html,23,html,e4e52469,xxzhangzzx,2026-04-25,00:29:49,-07:00,2026-04-25T00:29:49-07:00,2,4
index.html,24,html,defbdade,xxzhangzzx,2026-04-24,23:51:55,-07:00,2026-04-24T23:51:55-07:00,2,0
index.html,25,html,defbdade,xxzhangzzx,2026-04-24,23:51:55,-07:00,2026-04-24T23:51:55-07:00,2,47
index.html,26,html,e4e52469,xxzhangzzx,2026-04-25,00:29:49,-07:00,2026-04-25T00:29:49-07:00,2,52
index.html,27,html,c673644b,xxzhangzzx,2026-04-04,21:34:24,-07:00,2026-04-04T21:34:24-07:00,0,5
index.html,28,html,c673644b,xxzhangzzx,2026-04-04,21:34:24,-07:00,2026-04-04T21:34:24-07:00,0,5
global.js,1,js,a6e798c5,xxzhangzzx,2026-04-17,21:07:00,-07:00,2026-04-17T21:07:00-07:00,0,25
global.js,2,js,a6e798c5,xxzhangzzx,2026-04-17,21:07:00,-07:00,2026-04-17T21:07:00-07:00,0,0
global.js,3,js,cb16053a,xxzhangzzx,2026-04-24,23:28:32,-07:00,2026-04-24T23:28:32-07:00,0,36
global.js,4,js,cb16053a,xxzhangzzx,2026-04-24,23:28:32,-07:00,2026-04-24T23:28:32-07:00,1,3
global.js,5,js,cb16053a,xxzhangzzx,2026-04-24,23:28:32,-07:00,2026-04-24T23:28:32-07:00,2,32
global.js,6,js,cb16053a,xxzhangzzx,2026-04-24,23:28:32,-07:00,2026-04-24T23:28:32-07:00,2,20
global.js,7,js,cb16053a,xxzhangzzx,2026-04-24,23:28:32,-07:00,2026-04-24T23:28:32-07:00,0,0
global.js,8,js,cb16053a,xxzhangzzx,2026-04-24,23:28:32,-07:00,2026-04-24T23:28:32-07:00,2,17
global.js,9,js,cb16053a,xxzhangzzx,2026-04-24,23:28:32,-07:00,2026-04-24T23:28:32-07:00,3,66
global.js,10,js,cb16053a,xxzhangzzx,2026-04-24,23:28:32,-07:00,2026-04-24T23:28:32-07:00,2,0
global.js,11,js,cb16053a,xxzhangzzx,2026-04-24,23:28:32,-07:00,2026-04-24T23:28:32-07:00,0,0
global.js,12,js,cb16053a,xxzhangzzx,2026-04-24,23:28:32,-07:00,2026-04-24T23:28:32-07:00,2,33
global.js,13,js,cb16053a,xxzhangzzx,2026-04-24,23:28:32,-07:00,2026-04-24T23:28:32-07:00,2,10
global.js,14,js,cb16053a,xxzhangzzx,2026-04-24,23:28:32,-07:00,2026-04-24T23:28:32-07:00,1,15
global.js,15,js,cb16053a,xxzhangzzx,2026-04-24,23:28:32,-07:00,2026-04-24T23:28:32-07:00,2,59
global.js,16,js,cb16053a,xxzhangzzx,2026-04-24,23:28:32,-07:00,2026-04-24T23:28:32-07:00,1,0
global.js,17,js,cb16053a,xxzhangzzx,2026-04-24,23:28:32,-07:00,2026-04-24T23:28:32-07:00,0,0
global.js,18,js,cb16053a,xxzhangzzx,2026-04-24,23:28:32,-07:00,2026-04-24T23:28:32-07:00,0,0
global.js,19,js,a6e798c5,xxzhangzzx,2026-04-17,21:07:00,-07:00,2026-04-17T21:07:00-07:00,0,41
global.js,20,js,a2c53e49,xxzhangzzx,2026-04-17,22:12:55,-07:00,2026-04-17T22:12:55-07:00,2,52
global.js,21,js,13bfeb2a,xxzhangzzx,2026-04-17,21:20:45,-07:00,2026-04-17T21:20:45-07:00,0,0
global.js,22,js,13bfeb2a,xxzhangzzx,2026-04-17,21:20:45,-07:00,2026-04-17T21:20:45-07:00,0,0
global.js,23,js,f387aa21,xxzhangzzx,2026-04-17,21:39:46,-07:00,2026-04-17T21:39:46-07:00,0,13
global.js,24,js,a2c53e49,xxzhangzzx,2026-04-17,22:12:55,-07:00,2026-04-17T22:12:55-07:00,2,25
global.js,25,js,a2c53e49,xxzhangzzx,2026-04-17,22:12:55,-07:00,2026-04-17T22:12:55-07:00,2,38
global.js,26,js,a2c53e49,xxzhangzzx,2026-04-17,22:12:55,-07:00,2026-04-17T22:12:55-07:00,2,36
global.js,27,js,a2c53e49,xxzhangzzx,2026-04-17,22:12:55,-07:00,2026-04-17T22:12:55-07:00,2,34
global.js,28,js,09dda031,xxzhangzzx,2026-05-09,19:58:57,-07:00,2026-05-09T19:58:57-07:00,2,30
global.js,29,js,a2c53e49,xxzhangzzx,2026-04-17,22:12:55,-07:00,2026-04-17T22:12:55-07:00,2,56
global.js,30,js,f387aa21,xxzhangzzx,2026-04-17,21:39:46,-07:00,2026-04-17T21:39:46-07:00,0,0
global.js,31,js,f387aa21,xxzhangzzx,2026-04-17,21:39:46,-07:00,2026-04-17T21:39:46-07:00,0,0
global.js,32,js,f387aa21,xxzhangzzx,2026-04-17,21:39:46,-07:00,2026-04-17T21:39:46-07:00,0,15
global.js,33,js,a2c53e49,xxzhangzzx,2026-04-17,22:12:55,-07:00,2026-04-17T22:12:55-07:00,2,68
global.js,34,js,a2c53e49,xxzhangzzx,2026-04-17,22:12:55,-07:00,2026-04-17T22:12:55-07:00,4,3
global.js,35,js,a2c53e49,xxzhangzzx,2026-04-17,22:12:55,-07:00,2026-04-17T22:12:55-07:00,4,14
global.js,36,js,f387aa21,xxzhangzzx,2026-04-17,21:39:46,-07:00,2026-04-17T21:39:46-07:00,0,0
global.js,37,js,f387aa21,xxzhangzzx,2026-04-17,21:39:46,-07:00,2026-04-17T21:39:46-07:00,0,38
global.js,38,js,f387aa21,xxzhangzzx,2026-04-17,21:39:46,-07:00,2026-04-17T21:39:46-07:00,0,25
global.js,39,js,f387aa21,xxzhangzzx,2026-04-17,21:39:46,-07:00,2026-04-17T21:39:46-07:00,0,0
global.js,40,js,f387aa21,xxzhangzzx,2026-04-17,21:39:46,-07:00,2026-04-17T21:39:46-07:00,0,20
global.js,41,js,a2c53e49,xxzhangzzx,2026-04-17,22:12:55,-07:00,2026-04-17T22:12:55-07:00,2,14
global.js,42,js,a2c53e49,xxzhangzzx,2026-04-17,22:12:55,-07:00,2026-04-17T22:12:55-07:00,2,18
global.js,43,js,f387aa21,xxzhangzzx,2026-04-17,21:39:46,-07:00,2026-04-17T21:39:46-07:00,0,0
global.js,44,js,a2c53e49,xxzhangzzx,2026-04-17,22:12:55,-07:00,2026-04-17T22:12:55-07:00,2,52
global.js,45,js,f387aa21,xxzhangzzx,2026-04-17,21:39:46,-07:00,2026-04-17T21:39:46-07:00,0,0
global.js,46,js,a2c53e49,xxzhangzzx,2026-04-17,22:12:55,-07:00,2026-04-17T22:12:55-07:00,2,34
global.js,47,js,a2c53e49,xxzhangzzx,2026-04-17,22:12:55,-07:00,2026-04-17T22:12:55-07:00,2,11
global.js,48,js,a2c53e49,xxzhangzzx,2026-04-17,22:12:55,-07:00,2026-04-17T22:12:55-07:00,2,20
global.js,49,js,f387aa21,xxzhangzzx,2026-04-17,21:39:46,-07:00,2026-04-17T21:39:46-07:00,0,0
global.js,50,js,a2c53e49,xxzhangzzx,2026-04-17,22:12:55,-07:00,2026-04-17T22:12:55-07:00,2,65
global.js,51,js,a2c53e49,xxzhangzzx,2026-04-17,22:12:55,-07:00,2026-04-17T22:12:55-07:00,4,25
global.js,52,js,a2c53e49,xxzhangzzx,2026-04-17,22:12:55,-07:00,2026-04-17T22:12:55-07:00,2,0
global.js,53,js,18d1a69b,xxzhangzzx,2026-04-17,22:01:54,-07:00,2026-04-17T22:01:54-07:00,0,0
global.js,54,js,a2c53e49,xxzhangzzx,2026-04-17,22:12:55,-07:00,2026-04-17T22:12:55-07:00,2,29
global.js,55,js,a2c53e49,xxzhangzzx,2026-04-17,22:12:55,-07:00,2026-04-17T22:12:55-07:00,4,18
global.js,56,js,a2c53e49,xxzhangzzx,2026-04-17,22:12:55,-07:00,2026-04-17T22:12:55-07:00,4,28
global.js,57,js,a2c53e49,xxzhangzzx,2026-04-17,22:12:55,-07:00,2026-04-17T22:12:55-07:00,2,0
global.js,58,js,a2c53e49,xxzhangzzx,2026-04-17,22:12:55,-07:00,2026-04-17T22:12:55-07:00,0,0
global.js,59,js,a2c53e49,xxzhangzzx,2026-04-17,22:12:55,-07:00,2026-04-17T22:12:55-07:00,2,12
global.js,60,js,f387aa21,xxzhangzzx,2026-04-17,21:39:46,-07:00,2026-04-17T21:39:46-07:00,0,0
global.js,61,js,f387aa21,xxzhangzzx,2026-04-17,21:39:46,-07:00,2026-04-17T21:39:46-07:00,0,0
global.js,62,js,3288ffe6,xxzhangzzx,2026-04-17,22:39:24,-07:00,2026-04-17T22:39:24-07:00,0,31
global.js,63,js,3288ffe6,xxzhangzzx,2026-04-17,22:39:24,-07:00,2026-04-17T22:39:24-07:00,2,11
global.js,64,js,3288ffe6,xxzhangzzx,2026-04-17,22:39:24,-07:00,2026-04-17T22:39:24-07:00,2,0
global.js,65,js,3288ffe6,xxzhangzzx,2026-04-17,22:39:24,-07:00,2026-04-17T22:39:24-07:00,4,26
global.js,66,js,3288ffe6,xxzhangzzx,2026-04-17,22:39:24,-07:00,2026-04-17T22:39:24-07:00,6,4
global.js,67,js,3288ffe6,xxzhangzzx,2026-04-17,22:39:24,-07:00,2026-04-17T22:39:24-07:00,6,6
global.js,68,js,3288ffe6,xxzhangzzx,2026-04-17,22:39:24,-07:00,2026-04-17T22:39:24-07:00,8,43
global.js,69,js,3288ffe6,xxzhangzzx,2026-04-17,22:39:24,-07:00,2026-04-17T22:39:24-07:00,8,34
global.js,70,js,3288ffe6,xxzhangzzx,2026-04-17,22:39:24,-07:00,2026-04-17T22:39:24-07:00,8,32
global.js,71,js,3288ffe6,xxzhangzzx,2026-04-17,22:39:24,-07:00,2026-04-17T22:39:24-07:00,6,7
global.js,72,js,3288ffe6,xxzhangzzx,2026-04-17,22:39:24,-07:00,2026-04-17T22:39:24-07:00,4,6
global.js,73,js,3288ffe6,xxzhangzzx,2026-04-17,22:39:24,-07:00,2026-04-17T22:39:24-07:00,2,0
global.js,74,js,13bfeb2a,xxzhangzzx,2026-04-17,21:20:45,-07:00,2026-04-17T21:20:45-07:00,0,0
global.js,75,js,13bfeb2a,xxzhangzzx,2026-04-17,21:20:45,-07:00,2026-04-17T21:20:45-07:00,0,0
global.js,76,js,3288ffe6,xxzhangzzx,2026-04-17,22:39:24,-07:00,2026-04-17T22:39:24-07:00,0,58
global.js,77,js,e4eeac2d,xxzhangzzx,2026-04-17,22:57:39,-07:00,2026-04-17T22:57:39-07:00,0,0
global.js,78,js,e4eeac2d,xxzhangzzx,2026-04-17,22:57:39,-07:00,2026-04-17T22:57:39-07:00,0,36
global.js,79,js,e4eeac2d,xxzhangzzx,2026-04-17,22:57:39,-07:00,2026-04-17T22:57:39-07:00,2,70
global.js,80,js,e4eeac2d,xxzhangzzx,2026-04-17,22:57:39,-07:00,2026-04-17T22:57:39-07:00,2,25
global.js,81,js,e4eeac2d,xxzhangzzx,2026-04-17,22:57:39,-07:00,2026-04-17T22:57:39-07:00,0,0
global.js,82,js,e4eeac2d,xxzhangzzx,2026-04-17,22:57:39,-07:00,2026-04-17T22:57:39-07:00,0,0
global.js,83,js,e4eeac2d,xxzhangzzx,2026-04-17,22:57:39,-07:00,2026-04-17T22:57:39-07:00,0,34
global.js,84,js,e4eeac2d,xxzhangzzx,2026-04-17,22:57:39,-07:00,2026-04-17T22:57:39-07:00,2,39
global.js,85,js,e4eeac2d,xxzhangzzx,2026-04-17,22:57:39,-07:00,2026-04-17T22:57:39-07:00,0,6
global.js,86,js,e4eeac2d,xxzhangzzx,2026-04-17,22:57:39,-07:00,2026-04-17T22:57:39-07:00,2,27
global.js,87,js,e4eeac2d,xxzhangzzx,2026-04-17,22:57:39,-07:00,2026-04-17T22:57:39-07:00,0,0
global.js,88,js,3288ffe6,xxzhangzzx,2026-04-17,22:39:24,-07:00,2026-04-17T22:39:24-07:00,0,0
global.js,89,js,3288ffe6,xxzhangzzx,2026-04-17,22:39:24,-07:00,2026-04-17T22:39:24-07:00,0,49
global.js,90,js,e4eeac2d,xxzhangzzx,2026-04-17,22:57:39,-07:00,2026-04-17T22:57:39-07:00,2,35
global.js,91,js,e4eeac2d,xxzhangzzx,2026-04-17,22:57:39,-07:00,2026-04-17T22:57:39-07:00,2,26
global.js,92,js,e4eeac2d,xxzhangzzx,2026-04-17,22:57:39,-07:00,2026-04-17T22:57:39-07:00,2,37
global.js,93,js,8b87df25,xxzhangzzx,2026-04-17,23:05:34,-07:00,2026-04-17T23:05:34-07:00,0,1
global.js,94,js,8b87df25,xxzhangzzx,2026-04-17,23:05:34,-07:00,2026-04-17T23:05:34-07:00,0,0
global.js,95,js,8b87df25,xxzhangzzx,2026-04-17,23:05:34,-07:00,2026-04-17T23:05:34-07:00,0,40
global.js,96,js,8b87df25,xxzhangzzx,2026-04-17,23:05:34,-07:00,2026-04-17T23:05:34-07:00,0,0
global.js,97,js,8b87df25,xxzhangzzx,2026-04-17,23:05:34,-07:00,2026-04-17T23:05:34-07:00,0,49
global.js,98,js,8b87df25,xxzhangzzx,2026-04-17,23:05:34,-07:00,2026-04-17T23:05:34-07:00,2,21
global.js,99,js,8b87df25,xxzhangzzx,2026-04-17,23:05:34,-07:00,2026-04-17T23:05:34-07:00,0,0
global.js,100,js,8b87df25,xxzhangzzx,2026-04-17,23:05:34,-07:00,2026-04-17T23:05:34-07:00,2,28
global.js,101,js,8b87df25,xxzhangzzx,2026-04-17,23:05:34,-07:00,2026-04-17T23:05:34-07:00,2,26
global.js,102,js,8b87df25,xxzhangzzx,2026-04-17,23:05:34,-07:00,2026-04-17T23:05:34-07:00,2,14
global.js,103,js,8b87df25,xxzhangzzx,2026-04-17,23:05:34,-07:00,2026-04-17T23:05:34-07:00,0,0
global.js,104,js,8b87df25,xxzhangzzx,2026-04-17,23:05:34,-07:00,2026-04-17T23:05:34-07:00,2,31
global.js,105,js,8b87df25,xxzhangzzx,2026-04-17,23:05:34,-07:00,2026-04-17T23:05:34-07:00,4,50
global.js,106,js,8b87df25,xxzhangzzx,2026-04-17,23:05:34,-07:00,2026-04-17T23:05:34-07:00,2,0
global.js,107,js,8b87df25,xxzhangzzx,2026-04-17,23:05:34,-07:00,2026-04-17T23:05:34-07:00,0,0
global.js,108,js,8b87df25,xxzhangzzx,2026-04-17,23:05:34,-07:00,2026-04-17T23:05:34-07:00,2,22
global.js,109,js,8b87df25,xxzhangzzx,2026-04-17,23:05:34,-07:00,2026-04-17T23:05:34-07:00,2,18
global.js,110,js,cb16053a,xxzhangzzx,2026-04-24,23:28:32,-07:00,2026-04-24T23:28:32-07:00,0,1
global.js,111,js,cb16053a,xxzhangzzx,2026-04-24,23:28:32,-07:00,2026-04-24T23:28:32-07:00,0,0
global.js,112,js,cb16053a,xxzhangzzx,2026-04-24,23:28:32,-07:00,2026-04-24T23:28:32-07:00,0,79
global.js,113,js,cb16053a,xxzhangzzx,2026-04-24,23:28:32,-07:00,2026-04-24T23:28:32-07:00,1,22
global.js,114,js,cb16053a,xxzhangzzx,2026-04-24,23:28:32,-07:00,2026-04-24T23:28:32-07:00,2,41
global.js,115,js,cb16053a,xxzhangzzx,2026-04-24,23:28:32,-07:00,2026-04-24T23:28:32-07:00,2,5
global.js,116,js,cb16053a,xxzhangzzx,2026-04-24,23:28:32,-07:00,2026-04-24T23:28:32-07:00,1,0
global.js,117,js,cb16053a,xxzhangzzx,2026-04-24,23:28:32,-07:00,2026-04-24T23:28:32-07:00,0,0
global.js,118,js,cb16053a,xxzhangzzx,2026-04-24,23:28:32,-07:00,2026-04-24T23:28:32-07:00,1,29
global.js,119,js,cb16053a,xxzhangzzx,2026-04-24,23:28:32,-07:00,2026-04-24T23:28:32-07:00,2,45
global.js,120,js,cb16053a,xxzhangzzx,2026-04-24,23:28:32,-07:00,2026-04-24T23:28:32-07:00,2,5
global.js,121,js,cb16053a,xxzhangzzx,2026-04-24,23:28:32,-07:00,2026-04-24T23:28:32-07:00,1,0
global.js,122,js,cb16053a,xxzhangzzx,2026-04-24,23:28:32,-07:00,2026-04-24T23:28:32-07:00,0,0
global.js,123,js,cb16053a,xxzhangzzx,2026-04-24,23:28:32,-07:00,2026-04-24T23:28:32-07:00,1,57
global.js,124,js,cb16053a,xxzhangzzx,2026-04-24,23:28:32,-07:00,2026-04-24T23:28:32-07:00,0,0
global.js,125,js,cb16053a,xxzhangzzx,2026-04-24,23:28:32,-07:00,2026-04-24T23:28:32-07:00,1,42
global.js,126,js,cb16053a,xxzhangzzx,2026-04-24,23:28:32,-07:00,2026-04-24T23:28:32-07:00,2,18
global.js,127,js,cb16053a,xxzhangzzx,2026-04-24,23:28:32,-07:00,2026-04-24T23:28:32-07:00,1,0
global.js,128,js,cb16053a,xxzhangzzx,2026-04-24,23:28:32,-07:00,2026-04-24T23:28:32-07:00,0,0
global.js,129,js,cb16053a,xxzhangzzx,2026-04-24,23:28:32,-07:00,2026-04-24T23:28:32-07:00,1,30
global.js,130,js,cb16053a,xxzhangzzx,2026-04-24,23:28:32,-07:00,2026-04-24T23:28:32-07:00,0,0
global.js,131,js,cb16053a,xxzhangzzx,2026-04-24,23:28:32,-07:00,2026-04-24T23:28:32-07:00,1,31
global.js,132,js,cb16053a,xxzhangzzx,2026-04-24,23:28:32,-07:00,2026-04-24T23:28:32-07:00,2,48
global.js,133,js,cb16053a,xxzhangzzx,2026-04-24,23:28:32,-07:00,2026-04-24T23:28:32-07:00,0,0
global.js,134,js,cb16053a,xxzhangzzx,2026-04-24,23:28:32,-07:00,2026-04-24T23:28:32-07:00,2,19
global.js,135,js,cb16053a,xxzhangzzx,2026-04-24,23:28:32,-07:00,2026-04-24T23:28:32-07:00,3,49
global.js,136,js,cb16053a,xxzhangzzx,2026-04-24,23:28:32,-07:00,2026-04-24T23:28:32-07:00,3,49
global.js,137,js,d0efc491,xxzhangzzx,2026-05-01,21:50:51,-07:00,2026-05-01T21:50:51-07:00,3,3
global.js,138,js,d0efc491,xxzhangzzx,2026-05-01,21:50:51,-07:00,2026-05-01T21:50:51-07:00,4,27
global.js,139,js,d0efc491,xxzhangzzx,2026-05-01,21:50:51,-07:00,2026-05-01T21:50:51-07:00,4,41
global.js,140,js,d0efc491,xxzhangzzx,2026-05-01,21:50:51,-07:00,2026-05-01T21:50:51-07:00,3,4
global.js,141,js,cb16053a,xxzhangzzx,2026-04-24,23:28:32,-07:00,2026-04-24T23:28:32-07:00,2,0
global.js,142,js,cb16053a,xxzhangzzx,2026-04-24,23:28:32,-07:00,2026-04-24T23:28:32-07:00,0,0
global.js,143,js,cb16053a,xxzhangzzx,2026-04-24,23:28:32,-07:00,2026-04-24T23:28:32-07:00,2,36
global.js,144,js,cb16053a,xxzhangzzx,2026-04-24,23:28:32,-07:00,2026-04-24T23:28:32-07:00,1,0
global.js,145,js,e4e52469,xxzhangzzx,2026-04-25,00:29:49,-07:00,2026-04-25T00:29:49-07:00,0,0
global.js,146,js,e4e52469,xxzhangzzx,2026-04-25,00:29:49,-07:00,2026-04-25T00:29:49-07:00,0,0
global.js,147,js,e4e52469,xxzhangzzx,2026-04-25,00:29:49,-07:00,2026-04-25T00:29:49-07:00,0,47
global.js,148,js,e4e52469,xxzhangzzx,2026-04-25,00:29:49,-07:00,2026-04-25T00:29:49-07:00,1,3
global.js,149,js,e4e52469,xxzhangzzx,2026-04-25,00:29:49,-07:00,2026-04-25T00:29:49-07:00,2,71
global.js,150,js,e4e52469,xxzhangzzx,2026-04-25,00:29:49,-07:00,2026-04-25T00:29:49-07:00,0,0
global.js,151,js,e4e52469,xxzhangzzx,2026-04-25,00:29:49,-07:00,2026-04-25T00:29:49-07:00,2,17
global.js,152,js,e4e52469,xxzhangzzx,2026-04-25,00:29:49,-07:00,2026-04-25T00:29:49-07:00,3,69
global.js,153,js,e4e52469,xxzhangzzx,2026-04-25,00:29:49,-07:00,2026-04-25T00:29:49-07:00,2,0
global.js,154,js,e4e52469,xxzhangzzx,2026-04-25,00:29:49,-07:00,2026-04-25T00:29:49-07:00,0,0
global.js,155,js,e4e52469,xxzhangzzx,2026-04-25,00:29:49,-07:00,2026-04-25T00:29:49-07:00,2,33
global.js,156,js,e4e52469,xxzhangzzx,2026-04-25,00:29:49,-07:00,2026-04-25T00:29:49-07:00,2,10
global.js,157,js,e4e52469,xxzhangzzx,2026-04-25,00:29:49,-07:00,2026-04-25T00:29:49-07:00,1,15
global.js,158,js,e4e52469,xxzhangzzx,2026-04-25,00:29:49,-07:00,2026-04-25T00:29:49-07:00,2,50
global.js,159,js,e4e52469,xxzhangzzx,2026-04-25,00:29:49,-07:00,2026-04-25T00:29:49-07:00,1,0
global.js,160,js,cb16053a,xxzhangzzx,2026-04-24,23:28:32,-07:00,2026-04-24T23:28:32-07:00,0,0
resume/index.html,1,html,f1197970,xxzhangzzx,2026-04-04,23:29:17,-07:00,2026-04-04T23:29:17-07:00,0,13
resume/index.html,2,html,f1197970,xxzhangzzx,2026-04-04,23:29:17,-07:00,2026-04-04T23:29:17-07:00,0,14
resume/index.html,3,html,f1197970,xxzhangzzx,2026-04-04,23:29:17,-07:00,2026-04-04T23:29:17-07:00,0,4
resume/index.html,4,html,f1197970,xxzhangzzx,2026-04-04,23:29:17,-07:00,2026-04-04T23:29:17-07:00,2,20
resume/index.html,5,html,f1197970,xxzhangzzx,2026-04-04,23:29:17,-07:00,2026-04-04T23:29:17-07:00,2,68
resume/index.html,6,html,f1197970,xxzhangzzx,2026-04-04,23:29:17,-07:00,2026-04-04T23:29:17-07:00,2,35
resume/index.html,7,html,f1197970,xxzhangzzx,2026-04-04,23:29:17,-07:00,2026-04-04T23:29:17-07:00,2,41
resume/index.html,8,html,f1197970,xxzhangzzx,2026-04-04,23:29:17,-07:00,2026-04-04T23:29:17-07:00,0,5
resume/index.html,9,html,f1197970,xxzhangzzx,2026-04-04,23:29:17,-07:00,2026-04-04T23:29:17-07:00,0,4
resume/index.html,10,html,f1197970,xxzhangzzx,2026-04-04,23:29:17,-07:00,2026-04-04T23:29:17-07:00,0,0
resume/index.html,11,html,f1197970,xxzhangzzx,2026-04-04,23:29:17,-07:00,2026-04-04T23:29:17-07:00,2,13
resume/index.html,12,html,f1197970,xxzhangzzx,2026-04-04,23:29:17,-07:00,2026-04-04T23:29:17-07:00,0,0
resume/index.html,13,html,f1197970,xxzhangzzx,2026-04-04,23:29:17,-07:00,2026-04-04T23:29:17-07:00,2,7
resume/index.html,14,html,f1197970,xxzhangzzx,2026-04-04,23:29:17,-07:00,2026-04-04T23:29:17-07:00,4,16
resume/index.html,15,html,f1197970,xxzhangzzx,2026-04-04,23:29:17,-07:00,2026-04-04T23:29:17-07:00,4,7
resume/index.html,16,html,f1197970,xxzhangzzx,2026-04-04,23:29:17,-07:00,2026-04-04T23:29:17-07:00,6,6
resume/index.html,17,html,f1197970,xxzhangzzx,2026-04-04,23:29:17,-07:00,2026-04-04T23:29:17-07:00,8,41
resume/index.html,18,html,f1197970,xxzhangzzx,2026-04-04,23:29:17,-07:00,2026-04-04T23:29:17-07:00,8,17
resume/index.html,19,html,f1197970,xxzhangzzx,2026-04-04,23:29:17,-07:00,2026-04-04T23:29:17-07:00,6,7
resume/index.html,20,html,f1197970,xxzhangzzx,2026-04-04,23:29:17,-07:00,2026-04-04T23:29:17-07:00,6,1
resume/index.html,21,html,f1197970,xxzhangzzx,2026-04-04,23:29:17,-07:00,2026-04-04T23:29:17-07:00,8,46
resume/index.html,22,html,f1197970,xxzhangzzx,2026-04-04,23:29:17,-07:00,2026-04-04T23:29:17-07:00,8,39
resume/index.html,23,html,f1197970,xxzhangzzx,2026-04-04,23:29:17,-07:00,2026-04-04T23:29:17-07:00,6,2
resume/index.html,24,html,f1197970,xxzhangzzx,2026-04-04,23:29:17,-07:00,2026-04-04T23:29:17-07:00,4,8
resume/index.html,25,html,f1197970,xxzhangzzx,2026-04-04,23:29:17,-07:00,2026-04-04T23:29:17-07:00,2,8
resume/index.html,26,html,f1197970,xxzhangzzx,2026-04-04,23:29:17,-07:00,2026-04-04T23:29:17-07:00,0,0
resume/index.html,27,html,f1197970,xxzhangzzx,2026-04-04,23:29:17,-07:00,2026-04-04T23:29:17-07:00,2,7
resume/index.html,28,html,f1197970,xxzhangzzx,2026-04-04,23:29:17,-07:00,2026-04-04T23:29:17-07:00,4,15
resume/index.html,29,html,f1197970,xxzhangzzx,2026-04-04,23:29:17,-07:00,2026-04-04T23:29:17-07:00,4,7
resume/index.html,30,html,f1197970,xxzhangzzx,2026-04-04,23:29:17,-07:00,2026-04-04T23:29:17-07:00,6,23
resume/index.html,31,html,f1197970,xxzhangzzx,2026-04-04,23:29:17,-07:00,2026-04-04T23:29:17-07:00,6,59
resume/index.html,32,html,f1197970,xxzhangzzx,2026-04-04,23:29:17,-07:00,2026-04-04T23:29:17-07:00,6,36
resume/index.html,33,html,f1197970,xxzhangzzx,2026-04-04,23:29:17,-07:00,2026-04-04T23:29:17-07:00,4,8
resume/index.html,34,html,f1197970,xxzhangzzx,2026-04-04,23:29:17,-07:00,2026-04-04T23:29:17-07:00,2,8
resume/index.html,35,html,f1197970,xxzhangzzx,2026-04-04,23:29:17,-07:00,2026-04-04T23:29:17-07:00,0,0
resume/index.html,36,html,f1197970,xxzhangzzx,2026-04-04,23:29:17,-07:00,2026-04-04T23:29:17-07:00,2,7
resume/index.html,37,html,f1197970,xxzhangzzx,2026-04-04,23:29:17,-07:00,2026-04-04T23:29:17-07:00,4,13
resume/index.html,38,html,a77b61ba,xxzhangzzx,2026-04-11,21:25:58,-07:00,2026-04-11T21:25:58-07:00,4,2
resume/index.html,39,html,a77b61ba,xxzhangzzx,2026-04-11,21:25:58,-07:00,2026-04-11T21:25:58-07:00,6,11
resume/index.html,40,html,a77b61ba,xxzhangzzx,2026-04-11,21:25:58,-07:00,2026-04-11T21:25:58-07:00,6,13
resume/index.html,41,html,a77b61ba,xxzhangzzx,2026-04-11,21:25:58,-07:00,2026-04-11T21:25:58-07:00,4,3
resume/index.html,42,html,f1197970,xxzhangzzx,2026-04-04,23:29:17,-07:00,2026-04-04T23:29:17-07:00,2,8
resume/index.html,43,html,92537b24,xxzhangzzx,2026-04-17,21:14:36,-07:00,2026-04-17T21:14:36-07:00,2,48
resume/index.html,44,html,f1197970,xxzhangzzx,2026-04-04,23:29:17,-07:00,2026-04-04T23:29:17-07:00,0,5
resume/index.html,45,html,f1197970,xxzhangzzx,2026-04-04,23:29:17,-07:00,2026-04-04T23:29:17-07:00,0,5
projects/projects.js,1,js,6a421102,xxzhangzzx,2026-05-01,22:14:51,-07:00,2026-05-01T22:14:51-07:00,0,63
projects/projects.js,2,js,cb16053a,xxzhangzzx,2026-04-24,23:28:32,-07:00,2026-04-24T23:28:32-07:00,0,55
projects/projects.js,3,js,cb16053a,xxzhangzzx,2026-04-24,23:28:32,-07:00,2026-04-24T23:28:32-07:00,0,0
projects/projects.js,4,js,cb16053a,xxzhangzzx,2026-04-24,23:28:32,-07:00,2026-04-24T23:28:32-07:00,0,55
projects/projects.js,5,js,cb16053a,xxzhangzzx,2026-04-24,23:28:32,-07:00,2026-04-24T23:28:32-07:00,0,0
projects/projects.js,6,js,cb16053a,xxzhangzzx,2026-04-24,23:28:32,-07:00,2026-04-24T23:28:32-07:00,0,60
projects/projects.js,7,js,77f55fb1,xxzhangzzx,2026-04-24,23:45:34,-07:00,2026-04-24T23:45:34-07:00,0,62
projects/projects.js,8,js,1f33db1b,xxzhangzzx,2026-05-01,23:01:28,-07:00,2026-05-01T23:01:28-07:00,0,55
projects/projects.js,9,js,77f55fb1,xxzhangzzx,2026-04-24,23:45:34,-07:00,2026-04-24T23:45:34-07:00,0,0
projects/projects.js,10,js,1f33db1b,xxzhangzzx,2026-05-01,23:01:28,-07:00,2026-05-01T23:01:28-07:00,0,13
projects/projects.js,11,js,2fad2661,xxzhangzzx,2026-05-01,23:15:05,-07:00,2026-05-01T23:15:05-07:00,0,22
projects/projects.js,12,js,2fad2661,xxzhangzzx,2026-05-01,23:15:05,-07:00,2026-05-01T23:15:05-07:00,0,0
projects/projects.js,13,js,2fad2661,xxzhangzzx,2026-05-01,23:15:05,-07:00,2026-05-01T23:15:05-07:00,0,47
projects/projects.js,14,js,2fad2661,xxzhangzzx,2026-05-01,23:15:05,-07:00,2026-05-01T23:15:05-07:00,0,0
projects/projects.js,15,js,2fad2661,xxzhangzzx,2026-05-01,23:15:05,-07:00,2026-05-01T23:15:05-07:00,0,30
projects/projects.js,16,js,2fad2661,xxzhangzzx,2026-05-01,23:15:05,-07:00,2026-05-01T23:15:05-07:00,1,51
projects/projects.js,17,js,2fad2661,xxzhangzzx,2026-05-01,23:15:05,-07:00,2026-05-01T23:15:05-07:00,2,59
projects/projects.js,18,js,2fad2661,xxzhangzzx,2026-05-01,23:15:05,-07:00,2026-05-01T23:15:05-07:00,2,42
projects/projects.js,19,js,2fad2661,xxzhangzzx,2026-05-01,23:15:05,-07:00,2026-05-01T23:15:05-07:00,1,1
projects/projects.js,20,js,2fad2661,xxzhangzzx,2026-05-01,23:15:05,-07:00,2026-05-01T23:15:05-07:00,0,0
projects/projects.js,21,js,2fad2661,xxzhangzzx,2026-05-01,23:15:05,-07:00,2026-05-01T23:15:05-07:00,1,26
projects/projects.js,22,js,2fad2661,xxzhangzzx,2026-05-01,23:15:05,-07:00,2026-05-01T23:15:05-07:00,2,41
projects/projects.js,23,js,2fad2661,xxzhangzzx,2026-05-01,23:15:05,-07:00,2026-05-01T23:15:05-07:00,3,56
projects/projects.js,24,js,2fad2661,xxzhangzzx,2026-05-01,23:15:05,-07:00,2026-05-01T23:15:05-07:00,2,0
projects/projects.js,25,js,2fad2661,xxzhangzzx,2026-05-01,23:15:05,-07:00,2026-05-01T23:15:05-07:00,1,0
projects/projects.js,26,js,2fad2661,xxzhangzzx,2026-05-01,23:15:05,-07:00,2026-05-01T23:15:05-07:00,0,0
projects/projects.js,27,js,2fad2661,xxzhangzzx,2026-05-01,23:15:05,-07:00,2026-05-01T23:15:05-07:00,1,22
projects/projects.js,28,js,2fad2661,xxzhangzzx,2026-05-01,23:15:05,-07:00,2026-05-01T23:15:05-07:00,0,0
projects/projects.js,29,js,cb16053a,xxzhangzzx,2026-04-24,23:28:32,-07:00,2026-04-24T23:28:32-07:00,0,0
projects/projects.js,30,js,1f33db1b,xxzhangzzx,2026-05-01,23:01:28,-07:00,2026-05-01T23:01:28-07:00,0,38
projects/projects.js,31,js,1f33db1b,xxzhangzzx,2026-05-01,23:01:28,-07:00,2026-05-01T23:01:28-07:00,1,26
projects/projects.js,32,js,1f33db1b,xxzhangzzx,2026-05-01,23:01:28,-07:00,2026-05-01T23:01:28-07:00,2,12
projects/projects.js,33,js,1f33db1b,xxzhangzzx,2026-05-01,23:01:28,-07:00,2026-05-01T23:01:28-07:00,2,14
projects/projects.js,34,js,1f33db1b,xxzhangzzx,2026-05-01,23:01:28,-07:00,2026-05-01T23:01:28-07:00,2,12
projects/projects.js,35,js,1f33db1b,xxzhangzzx,2026-05-01,23:01:28,-07:00,2026-05-01T23:01:28-07:00,1,0
projects/projects.js,36,js,6a421102,xxzhangzzx,2026-05-01,22:14:51,-07:00,2026-05-01T22:14:51-07:00,0,0
projects/projects.js,37,js,1f33db1b,xxzhangzzx,2026-05-01,23:01:28,-07:00,2026-05-01T23:01:28-07:00,1,44
projects/projects.js,38,js,1f33db1b,xxzhangzzx,2026-05-01,23:01:28,-07:00,2026-05-01T23:01:28-07:00,2,35
projects/projects.js,39,js,1f33db1b,xxzhangzzx,2026-05-01,23:01:28,-07:00,2026-05-01T23:01:28-07:00,1,1
projects/projects.js,40,js,ddd6411b,xxzhangzzx,2026-05-01,22:58:05,-07:00,2026-05-01T22:58:05-07:00,0,0
projects/projects.js,41,js,1f33db1b,xxzhangzzx,2026-05-01,23:01:28,-07:00,2026-05-01T23:01:28-07:00,1,57
projects/projects.js,42,js,1f33db1b,xxzhangzzx,2026-05-01,23:01:28,-07:00,2026-05-01T23:01:28-07:00,1,50
projects/projects.js,43,js,f0943759,xxzhangzzx,2026-05-01,22:18:40,-07:00,2026-05-01T22:18:40-07:00,0,0
projects/projects.js,44,js,1f33db1b,xxzhangzzx,2026-05-01,23:01:28,-07:00,2026-05-01T23:01:28-07:00,1,33
projects/projects.js,45,js,6a421102,xxzhangzzx,2026-05-01,22:14:51,-07:00,2026-05-01T22:14:51-07:00,0,0
projects/projects.js,46,js,1f16830e,xxzhangzzx,2026-05-01,23:08:08,-07:00,2026-05-01T23:08:08-07:00,1,40
projects/projects.js,47,js,1f16830e,xxzhangzzx,2026-05-01,23:08:08,-07:00,2026-05-01T23:08:08-07:00,1,29
projects/projects.js,48,js,1f16830e,xxzhangzzx,2026-05-01,23:08:08,-07:00,2026-05-01T23:08:08-07:00,0,0
projects/projects.js,49,js,1f16830e,xxzhangzzx,2026-05-01,23:08:08,-07:00,2026-05-01T23:08:08-07:00,1,32
projects/projects.js,50,js,1f16830e,xxzhangzzx,2026-05-01,23:08:08,-07:00,2026-05-01T23:08:08-07:00,1,30
projects/projects.js,51,js,5cc0b605,xxzhangzzx,2026-05-01,22:39:32,-07:00,2026-05-01T22:39:32-07:00,0,0
projects/projects.js,52,js,2fad2661,xxzhangzzx,2026-05-01,23:15:05,-07:00,2026-05-01T23:15:05-07:00,1,22
projects/projects.js,53,js,1f16830e,xxzhangzzx,2026-05-01,23:08:08,-07:00,2026-05-01T23:08:08-07:00,2,1
projects/projects.js,54,js,1f33db1b,xxzhangzzx,2026-05-01,23:01:28,-07:00,2026-05-01T23:01:28-07:00,3,13
projects/projects.js,55,js,2fad2661,xxzhangzzx,2026-05-01,23:15:05,-07:00,2026-05-01T23:15:05-07:00,3,25
projects/projects.js,56,js,2fad2661,xxzhangzzx,2026-05-01,23:15:05,-07:00,2026-05-01T23:15:05-07:00,3,33
projects/projects.js,57,js,2fad2661,xxzhangzzx,2026-05-01,23:15:05,-07:00,2026-05-01T23:15:05-07:00,3,7
projects/projects.js,58,js,2fad2661,xxzhangzzx,2026-05-01,23:15:05,-07:00,2026-05-01T23:15:05-07:00,4,9
projects/projects.js,59,js,2fad2661,xxzhangzzx,2026-05-01,23:15:05,-07:00,2026-05-01T23:15:05-07:00,4,68
projects/projects.js,60,js,2fad2661,xxzhangzzx,2026-05-01,23:15:05,-07:00,2026-05-01T23:15:05-07:00,3,0
projects/projects.js,61,js,b0c0a47f,xxzhangzzx,2026-05-01,23:12:03,-07:00,2026-05-01T23:12:03-07:00,3,18
projects/projects.js,62,js,2fad2661,xxzhangzzx,2026-05-01,23:15:05,-07:00,2026-05-01T23:15:05-07:00,4,12
projects/projects.js,63,js,2fad2661,xxzhangzzx,2026-05-01,23:15:05,-07:00,2026-05-01T23:15:05-07:00,5,66
projects/projects.js,64,js,2fad2661,xxzhangzzx,2026-05-01,23:15:05,-07:00,2026-05-01T23:15:05-07:00,0,0
projects/projects.js,65,js,2fad2661,xxzhangzzx,2026-05-01,23:15:05,-07:00,2026-05-01T23:15:05-07:00,4,15
projects/projects.js,66,js,b0c0a47f,xxzhangzzx,2026-05-01,23:12:03,-07:00,2026-05-01T23:12:03-07:00,3,1
projects/projects.js,67,js,1f33db1b,xxzhangzzx,2026-05-01,23:01:28,-07:00,2026-05-01T23:01:28-07:00,1,1
projects/projects.js,68,js,5cc0b605,xxzhangzzx,2026-05-01,22:39:32,-07:00,2026-05-01T22:39:32-07:00,0,0
projects/projects.js,69,js,2fad2661,xxzhangzzx,2026-05-01,23:15:05,-07:00,2026-05-01T23:15:05-07:00,1,19
projects/projects.js,70,js,1f33db1b,xxzhangzzx,2026-05-01,23:01:28,-07:00,2026-05-01T23:01:28-07:00,2,4
projects/projects.js,71,js,1f33db1b,xxzhangzzx,2026-05-01,23:01:28,-07:00,2026-05-01T23:01:28-07:00,3,11
projects/projects.js,72,js,2fad2661,xxzhangzzx,2026-05-01,23:15:05,-07:00,2026-05-01T23:15:05-07:00,3,42
projects/projects.js,73,js,1f33db1b,xxzhangzzx,2026-05-01,23:01:28,-07:00,2026-05-01T23:01:28-07:00,3,27
projects/projects.js,74,js,2fad2661,xxzhangzzx,2026-05-01,23:15:05,-07:00,2026-05-01T23:15:05-07:00,3,7
projects/projects.js,75,js,2fad2661,xxzhangzzx,2026-05-01,23:15:05,-07:00,2026-05-01T23:15:05-07:00,4,9
projects/projects.js,76,js,2fad2661,xxzhangzzx,2026-05-01,23:15:05,-07:00,2026-05-01T23:15:05-07:00,4,63
projects/projects.js,77,js,2fad2661,xxzhangzzx,2026-05-01,23:15:05,-07:00,2026-05-01T23:15:05-07:00,3,0
projects/projects.js,78,js,2fad2661,xxzhangzzx,2026-05-01,23:15:05,-07:00,2026-05-01T23:15:05-07:00,3,18
projects/projects.js,79,js,2fad2661,xxzhangzzx,2026-05-01,23:15:05,-07:00,2026-05-01T23:15:05-07:00,4,71
projects/projects.js,80,js,2fad2661,xxzhangzzx,2026-05-01,23:15:05,-07:00,2026-05-01T23:15:05-07:00,0,0
projects/projects.js,81,js,2fad2661,xxzhangzzx,2026-05-01,23:15:05,-07:00,2026-05-01T23:15:05-07:00,4,15
projects/projects.js,82,js,2fad2661,xxzhangzzx,2026-05-01,23:15:05,-07:00,2026-05-01T23:15:05-07:00,3,0
projects/projects.js,83,js,1f33db1b,xxzhangzzx,2026-05-01,23:01:28,-07:00,2026-05-01T23:01:28-07:00,3,69
projects/projects.js,84,js,1f33db1b,xxzhangzzx,2026-05-01,23:01:28,-07:00,2026-05-01T23:01:28-07:00,1,1
projects/projects.js,85,js,1f33db1b,xxzhangzzx,2026-05-01,23:01:28,-07:00,2026-05-01T23:01:28-07:00,0,0
projects/projects.js,86,js,1f33db1b,xxzhangzzx,2026-05-01,23:01:28,-07:00,2026-05-01T23:01:28-07:00,0,0
projects/projects.js,87,js,1f33db1b,xxzhangzzx,2026-05-01,23:01:28,-07:00,2026-05-01T23:01:28-07:00,0,25
projects/projects.js,88,js,2fad2661,xxzhangzzx,2026-05-01,23:15:05,-07:00,2026-05-01T23:15:05-07:00,1,43
projects/projects.js,89,js,1f33db1b,xxzhangzzx,2026-05-01,23:01:28,-07:00,2026-05-01T23:01:28-07:00,0,0
projects/projects.js,90,js,1f33db1b,xxzhangzzx,2026-05-01,23:01:28,-07:00,2026-05-01T23:01:28-07:00,1,64
projects/projects.js,91,js,1f33db1b,xxzhangzzx,2026-05-01,23:01:28,-07:00,2026-05-01T23:01:28-07:00,0,0
projects/projects.js,92,js,1f33db1b,xxzhangzzx,2026-05-01,23:01:28,-07:00,2026-05-01T23:01:28-07:00,1,56
projects/projects.js,93,js,1f33db1b,xxzhangzzx,2026-05-01,23:01:28,-07:00,2026-05-01T23:01:28-07:00,1,31
projects/projects.js,94,js,1f33db1b,xxzhangzzx,2026-05-01,23:01:28,-07:00,2026-05-01T23:01:28-07:00,0,0
projects/projects.js,95,js,1f33db1b,xxzhangzzx,2026-05-01,23:01:28,-07:00,2026-05-01T23:01:28-07:00,0,0
projects/projects.js,96,js,1f33db1b,xxzhangzzx,2026-05-01,23:01:28,-07:00,2026-05-01T23:01:28-07:00,0,48
projects/projects.js,97,js,1f33db1b,xxzhangzzx,2026-05-01,23:01:28,-07:00,2026-05-01T23:01:28-07:00,1,25
projects/projects.js,98,js,1f33db1b,xxzhangzzx,2026-05-01,23:01:28,-07:00,2026-05-01T23:01:28-07:00,1,15
projects/projects.js,99,js,2fad2661,xxzhangzzx,2026-05-01,23:15:05,-07:00,2026-05-01T23:15:05-07:00,0,1
projects/projects.js,100,js,2fad2661,xxzhangzzx,2026-05-01,23:15:05,-07:00,2026-05-01T23:15:05-07:00,0,0
projects/projects.js,101,js,2fad2661,xxzhangzzx,2026-05-01,23:15:05,-07:00,2026-05-01T23:15:05-07:00,0,15
projects/index.html,1,html,38974d26,xxzhangzzx,2026-04-04,22:59:28,-07:00,2026-04-04T22:59:28-07:00,0,13
projects/index.html,2,html,38974d26,xxzhangzzx,2026-04-04,22:59:28,-07:00,2026-04-04T22:59:28-07:00,0,14
projects/index.html,3,html,38974d26,xxzhangzzx,2026-04-04,22:59:28,-07:00,2026-04-04T22:59:28-07:00,0,4
projects/index.html,4,html,38974d26,xxzhangzzx,2026-04-04,22:59:28,-07:00,2026-04-04T22:59:28-07:00,2,20
projects/index.html,5,html,38974d26,xxzhangzzx,2026-04-04,22:59:28,-07:00,2026-04-04T22:59:28-07:00,2,68
projects/index.html,6,html,38974d26,xxzhangzzx,2026-04-04,22:59:28,-07:00,2026-04-04T22:59:28-07:00,2,21
projects/index.html,7,html,11243e00,xxzhangzzx,2026-04-04,23:17:15,-07:00,2026-04-04T23:17:15-07:00,2,41
projects/index.html,8,html,38974d26,xxzhangzzx,2026-04-04,22:59:28,-07:00,2026-04-04T22:59:28-07:00,0,5
projects/index.html,9,html,38974d26,xxzhangzzx,2026-04-04,22:59:28,-07:00,2026-04-04T22:59:28-07:00,0,4
projects/index.html,10,html,38974d26,xxzhangzzx,2026-04-04,22:59:28,-07:00,2026-04-04T22:59:28-07:00,0,0
projects/index.html,11,html,77f55fb1,xxzhangzzx,2026-04-24,23:45:34,-07:00,2026-04-24T23:45:34-07:00,2,38
projects/index.html,12,html,6a421102,xxzhangzzx,2026-05-01,22:14:51,-07:00,2026-05-01T22:14:51-07:00,0,0
projects/index.html,13,html,833c306e,xxzhangzzx,2026-05-01,22:44:46,-07:00,2026-05-01T22:44:46-07:00,2,21
projects/index.html,14,html,833c306e,xxzhangzzx,2026-05-01,22:44:46,-07:00,2026-05-01T22:44:46-07:00,4,58
projects/index.html,15,html,5cc0b605,xxzhangzzx,2026-05-01,22:39:32,-07:00,2026-05-01T22:39:32-07:00,0,0
projects/index.html,16,html,833c306e,xxzhangzzx,2026-05-01,22:44:46,-07:00,2026-05-01T22:44:46-07:00,4,22
projects/index.html,17,html,833c306e,xxzhangzzx,2026-05-01,22:44:46,-07:00,2026-05-01T22:44:46-07:00,2,4
projects/index.html,18,html,6a421102,xxzhangzzx,2026-05-01,22:14:51,-07:00,2026-05-01T22:14:51-07:00,2,0
projects/index.html,19,html,1f33db1b,xxzhangzzx,2026-05-01,23:01:28,-07:00,2026-05-01T23:01:28-07:00,2,4
projects/index.html,20,html,1f33db1b,xxzhangzzx,2026-05-01,23:01:28,-07:00,2026-05-01T23:01:28-07:00,4,15
projects/index.html,21,html,1f33db1b,xxzhangzzx,2026-05-01,23:01:28,-07:00,2026-05-01T23:01:28-07:00,4,11
projects/index.html,22,html,1f33db1b,xxzhangzzx,2026-05-01,23:01:28,-07:00,2026-05-01T23:01:28-07:00,4,26
projects/index.html,23,html,1f33db1b,xxzhangzzx,2026-05-01,23:01:28,-07:00,2026-05-01T23:01:28-07:00,4,31
projects/index.html,24,html,1f33db1b,xxzhangzzx,2026-05-01,23:01:28,-07:00,2026-05-01T23:01:28-07:00,2,0
projects/index.html,25,html,1f33db1b,xxzhangzzx,2026-05-01,23:01:28,-07:00,2026-05-01T23:01:28-07:00,0,0
projects/index.html,26,html,cb16053a,xxzhangzzx,2026-04-24,23:28:32,-07:00,2026-04-24T23:28:32-07:00,2,26
projects/index.html,27,html,5eb0f30a,xxzhangzzx,2026-04-24,23:38:35,-07:00,2026-04-24T23:38:35-07:00,0,0
projects/index.html,28,html,5eb0f30a,xxzhangzzx,2026-04-24,23:38:35,-07:00,2026-04-24T23:38:35-07:00,2,48
projects/index.html,29,html,5eb0f30a,xxzhangzzx,2026-04-24,23:38:35,-07:00,2026-04-24T23:38:35-07:00,2,47
projects/index.html,30,html,38974d26,xxzhangzzx,2026-04-04,22:59:28,-07:00,2026-04-04T22:59:28-07:00,0,5
projects/index.html,31,html,38974d26,xxzhangzzx,2026-04-04,22:59:28,-07:00,2026-04-04T22:59:28-07:00,0,5
meta/main.js,1,js,ded4f225,xxzhangzzx,2026-05-09,20:36:13,-07:00,2026-05-09T20:36:13-07:00,0,63
meta/main.js,2,js,ded4f225,xxzhangzzx,2026-05-09,20:36:13,-07:00,2026-05-09T20:36:13-07:00,0,0
meta/main.js,3,js,ded4f225,xxzhangzzx,2026-05-09,20:36:13,-07:00,2026-05-09T20:36:13-07:00,0,25
meta/main.js,4,js,00000000,Not Committed Yet,2026-05-09,22:22:19,-07:00,2026-05-09T22:22:19-07:00,2,46
meta/main.js,5,js,00000000,Not Committed Yet,2026-05-09,22:22:19,-07:00,2026-05-09T22:22:19-07:00,4,5
meta/main.js,6,js,00000000,Not Committed Yet,2026-05-09,22:22:19,-07:00,2026-05-09T22:22:19-07:00,4,21
meta/main.js,7,js,00000000,Not Committed Yet,2026-05-09,22:22:19,-07:00,2026-05-09T22:22:19-07:00,4,23
meta/main.js,8,js,00000000,Not Committed Yet,2026-05-09,22:22:19,-07:00,2026-05-09T22:22:19-07:00,4,25
meta/main.js,9,js,00000000,Not Committed Yet,2026-05-09,22:22:19,-07:00,2026-05-09T22:22:19-07:00,4,49
meta/main.js,10,js,00000000,Not Committed Yet,2026-05-09,22:22:19,-07:00,2026-05-09T22:22:19-07:00,4,31
meta/main.js,11,js,00000000,Not Committed Yet,2026-05-09,22:22:19,-07:00,2026-05-09T22:22:19-07:00,2,2
meta/main.js,12,js,00000000,Not Committed Yet,2026-05-09,22:22:19,-07:00,2026-05-09T22:22:19-07:00,0,0
meta/main.js,13,js,00000000,Not Committed Yet,2026-05-09,22:22:19,-07:00,2026-05-09T22:22:19-07:00,2,10
meta/main.js,14,js,ded4f225,xxzhangzzx,2026-05-09,20:36:13,-07:00,2026-05-09T20:36:13-07:00,0,0
meta/main.js,15,js,ded4f225,xxzhangzzx,2026-05-09,20:36:13,-07:00,2026-05-09T20:36:13-07:00,0,0
meta/main.js,16,js,ded4f225,xxzhangzzx,2026-05-09,20:36:13,-07:00,2026-05-09T20:36:13-07:00,0,29
meta/main.js,17,js,00000000,Not Committed Yet,2026-05-09,22:22:19,-07:00,2026-05-09T22:22:19-07:00,2,7
meta/main.js,18,js,00000000,Not Committed Yet,2026-05-09,22:22:19,-07:00,2026-05-09T22:22:19-07:00,4,28
meta/main.js,19,js,00000000,Not Committed Yet,2026-05-09,22:22:19,-07:00,2026-05-09T22:22:19-07:00,4,25
meta/main.js,20,js,00000000,Not Committed Yet,2026-05-09,22:22:19,-07:00,2026-05-09T22:22:19-07:00,6,19
meta/main.js,21,js,00000000,Not Committed Yet,2026-05-09,22:22:19,-07:00,2026-05-09T22:22:19-07:00,6,53
meta/main.js,22,js,00000000,Not Committed Yet,2026-05-09,22:22:19,-07:00,2026-05-09T22:22:19-07:00,0,0
meta/main.js,23,js,00000000,Not Committed Yet,2026-05-09,22:22:19,-07:00,2026-05-09T22:22:19-07:00,6,9
meta/main.js,24,js,00000000,Not Committed Yet,2026-05-09,22:22:19,-07:00,2026-05-09T22:22:19-07:00,8,9
meta/main.js,25,js,00000000,Not Committed Yet,2026-05-09,22:22:19,-07:00,2026-05-09T22:22:19-07:00,8,62
meta/main.js,26,js,00000000,Not Committed Yet,2026-05-09,22:22:19,-07:00,2026-05-09T22:22:19-07:00,8,5
meta/main.js,27,js,00000000,Not Committed Yet,2026-05-09,22:22:19,-07:00,2026-05-09T22:22:19-07:00,8,3
meta/main.js,28,js,00000000,Not Committed Yet,2026-05-09,22:22:19,-07:00,2026-05-09T22:22:19-07:00,8,3
meta/main.js,29,js,00000000,Not Committed Yet,2026-05-09,22:22:19,-07:00,2026-05-09T22:22:19-07:00,8,7
meta/main.js,30,js,00000000,Not Committed Yet,2026-05-09,22:22:19,-07:00,2026-05-09T22:22:19-07:00,8,7
meta/main.js,31,js,00000000,Not Committed Yet,2026-05-09,22:22:19,-07:00,2026-05-09T22:22:19-07:00,8,57
meta/main.js,32,js,00000000,Not Committed Yet,2026-05-09,22:22:19,-07:00,2026-05-09T22:22:19-07:00,8,23
meta/main.js,33,js,00000000,Not Committed Yet,2026-05-09,22:22:19,-07:00,2026-05-09T22:22:19-07:00,6,0
meta/main.js,34,js,00000000,Not Committed Yet,2026-05-09,22:22:19,-07:00,2026-05-09T22:22:19-07:00,0,0
meta/main.js,35,js,00000000,Not Committed Yet,2026-05-09,22:22:19,-07:00,2026-05-09T22:22:19-07:00,6,35
meta/main.js,36,js,00000000,Not Committed Yet,2026-05-09,22:22:19,-07:00,2026-05-09T22:22:19-07:00,8,11
meta/main.js,37,js,00000000,Not Committed Yet,2026-05-09,22:22:19,-07:00,2026-05-09T22:22:19-07:00,8,16
meta/main.js,38,js,00000000,Not Committed Yet,2026-05-09,22:22:19,-07:00,2026-05-09T22:22:19-07:00,8,14
meta/main.js,39,js,00000000,Not Committed Yet,2026-05-09,22:22:19,-07:00,2026-05-09T22:22:19-07:00,8,18
meta/main.js,40,js,00000000,Not Committed Yet,2026-05-09,22:22:19,-07:00,2026-05-09T22:22:19-07:00,6,1
meta/main.js,41,js,00000000,Not Committed Yet,2026-05-09,22:22:19,-07:00,2026-05-09T22:22:19-07:00,0,0
meta/main.js,42,js,00000000,Not Committed Yet,2026-05-09,22:22:19,-07:00,2026-05-09T22:22:19-07:00,6,9
meta/main.js,43,js,00000000,Not Committed Yet,2026-05-09,22:22:19,-07:00,2026-05-09T22:22:19-07:00,4,1
meta/main.js,44,js,ded4f225,xxzhangzzx,2026-05-09,20:36:13,-07:00,2026-05-09T20:36:13-07:00,0,0
meta/main.js,45,js,ded4f225,xxzhangzzx,2026-05-09,20:36:13,-07:00,2026-05-09T20:36:13-07:00,0,0
meta/main.js,46,js,ded4f225,xxzhangzzx,2026-05-09,20:36:13,-07:00,2026-05-09T20:36:13-07:00,0,40
meta/main.js,47,js,00000000,Not Committed Yet,2026-05-09,22:22:19,-07:00,2026-05-09T22:22:19-07:00,2,32
meta/main.js,48,js,ded4f225,xxzhangzzx,2026-05-09,20:36:13,-07:00,2026-05-09T20:36:13-07:00,0,0
meta/main.js,49,js,00000000,Not Committed Yet,2026-05-09,22:22:19,-07:00,2026-05-09T22:22:19-07:00,2,28
meta/main.js,50,js,ded4f225,xxzhangzzx,2026-05-09,20:36:13,-07:00,2026-05-09T20:36:13-07:00,0,0
meta/main.js,51,js,00000000,Not Committed Yet,2026-05-09,22:22:19,-07:00,2026-05-09T22:22:19-07:00,2,51
meta/main.js,52,js,ded4f225,xxzhangzzx,2026-05-09,20:36:13,-07:00,2026-05-09T20:36:13-07:00,0,0
meta/main.js,53,js,00000000,Not Committed Yet,2026-05-09,22:22:19,-07:00,2026-05-09T22:22:19-07:00,2,55
meta/main.js,54,js,00000000,Not Committed Yet,2026-05-09,22:22:19,-07:00,2026-05-09T22:22:19-07:00,2,44
meta/main.js,55,js,00000000,Not Committed Yet,2026-05-09,22:22:19,-07:00,2026-05-09T22:22:19-07:00,2,55
meta/main.js,56,js,00000000,Not Committed Yet,2026-05-09,22:22:19,-07:00,2026-05-09T22:22:19-07:00,2,53
meta/main.js,57,js,ded4f225,xxzhangzzx,2026-05-09,20:36:13,-07:00,2026-05-09T20:36:13-07:00,0,0
meta/main.js,58,js,00000000,Not Committed Yet,2026-05-09,22:22:19,-07:00,2026-05-09T22:22:19-07:00,2,29
meta/main.js,59,js,00000000,Not Committed Yet,2026-05-09,22:22:19,-07:00,2026-05-09T22:22:19-07:00,4,3
meta/main.js,60,js,00000000,Not Committed Yet,2026-05-09,22:22:19,-07:00,2026-05-09T22:22:19-07:00,4,30
meta/main.js,61,js,00000000,Not Committed Yet,2026-05-09,22:22:19,-07:00,2026-05-09T22:22:19-07:00,4,12
meta/main.js,62,js,00000000,Not Committed Yet,2026-05-09,22:22:19,-07:00,2026-05-09T22:22:19-07:00,2,0
meta/main.js,63,js,ded4f225,xxzhangzzx,2026-05-09,20:36:13,-07:00,2026-05-09T20:36:13-07:00,0,0
meta/main.js,64,js,00000000,Not Committed Yet,2026-05-09,22:22:19,-07:00,2026-05-09T22:22:19-07:00,2,56
meta/main.js,65,js,ded4f225,xxzhangzzx,2026-05-09,20:36:13,-07:00,2026-05-09T20:36:13-07:00,0,0
meta/main.js,66,js,00000000,Not Committed Yet,2026-05-09,22:22:19,-07:00,2026-05-09T22:22:19-07:00,2,30
meta/main.js,67,js,00000000,Not Committed Yet,2026-05-09,22:22:19,-07:00,2026-05-09T22:22:19-07:00,4,3
meta/main.js,68,js,00000000,Not Committed Yet,2026-05-09,22:22:19,-07:00,2026-05-09T22:22:19-07:00,4,14
meta/main.js,69,js,00000000,Not Committed Yet,2026-05-09,22:22:19,-07:00,2026-05-09T22:22:19-07:00,4,61
meta/main.js,70,js,00000000,Not Committed Yet,2026-05-09,22:22:19,-07:00,2026-05-09T22:22:19-07:00,2,0
meta/main.js,71,js,ded4f225,xxzhangzzx,2026-05-09,20:36:13,-07:00,2026-05-09T20:36:13-07:00,0,0
meta/main.js,72,js,00000000,Not Committed Yet,2026-05-09,22:22:19,-07:00,2026-05-09T22:22:19-07:00,2,60
meta/main.js,73,js,ded4f225,xxzhangzzx,2026-05-09,20:36:13,-07:00,2026-05-09T20:36:13-07:00,0,0
meta/main.js,74,js,00000000,Not Committed Yet,2026-05-09,22:22:19,-07:00,2026-05-09T22:22:19-07:00,2,67
meta/main.js,75,js,00000000,Not Committed Yet,2026-05-09,22:22:19,-07:00,2026-05-09T22:22:19-07:00,2,32
meta/main.js,76,js,ded4f225,xxzhangzzx,2026-05-09,20:36:13,-07:00,2026-05-09T20:36:13-07:00,0,0
meta/main.js,77,js,00000000,Not Committed Yet,2026-05-09,22:22:19,-07:00,2026-05-09T22:22:19-07:00,2,36
meta/main.js,78,js,00000000,Not Committed Yet,2026-05-09,22:22:19,-07:00,2026-05-09T22:22:19-07:00,2,35
meta/main.js,79,js,ded4f225,xxzhangzzx,2026-05-09,20:36:13,-07:00,2026-05-09T20:36:13-07:00,0,0
meta/main.js,80,js,00000000,Not Committed Yet,2026-05-09,22:22:19,-07:00,2026-05-09T22:22:19-07:00,2,38
meta/main.js,81,js,00000000,Not Committed Yet,2026-05-09,22:22:19,-07:00,2026-05-09T22:22:19-07:00,2,34
meta/main.js,82,js,ded4f225,xxzhangzzx,2026-05-09,20:36:13,-07:00,2026-05-09T20:36:13-07:00,0,0
meta/main.js,83,js,00000000,Not Committed Yet,2026-05-09,22:22:19,-07:00,2026-05-09T22:22:19-07:00,2,35
meta/main.js,84,js,00000000,Not Committed Yet,2026-05-09,22:22:19,-07:00,2026-05-09T22:22:19-07:00,2,69
meta/main.js,85,js,ded4f225,xxzhangzzx,2026-05-09,20:36:13,-07:00,2026-05-09T20:36:13-07:00,0,0
meta/main.js,86,js,00000000,Not Committed Yet,2026-05-09,22:22:19,-07:00,2026-05-09T22:22:19-07:00,2,36
meta/main.js,87,js,00000000,Not Committed Yet,2026-05-09,22:22:19,-07:00,2026-05-09T22:22:19-07:00,2,29
meta/main.js,88,js,ded4f225,xxzhangzzx,2026-05-09,20:36:13,-07:00,2026-05-09T20:36:13-07:00,0,0
meta/main.js,89,js,00000000,Not Committed Yet,2026-05-09,22:22:19,-07:00,2026-05-09T22:22:19-07:00,2,42
meta/main.js,90,js,00000000,Not Committed Yet,2026-05-09,22:22:19,-07:00,2026-05-09T22:22:19-07:00,2,49
meta/main.js,91,js,ded4f225,xxzhangzzx,2026-05-09,20:36:13,-07:00,2026-05-09T20:36:13-07:00,0,0
meta/main.js,92,js,00000000,Not Committed Yet,2026-05-09,22:22:19,-07:00,2026-05-09T22:22:19-07:00,2,42
meta/main.js,93,js,00000000,Not Committed Yet,2026-05-09,22:22:19,-07:00,2026-05-09T22:22:19-07:00,2,39
meta/main.js,94,js,ded4f225,xxzhangzzx,2026-05-09,20:36:13,-07:00,2026-05-09T20:36:13-07:00,0,0
meta/main.js,95,js,00000000,Not Committed Yet,2026-05-09,22:22:19,-07:00,2026-05-09T22:22:19-07:00,2,46
meta/main.js,96,js,00000000,Not Committed Yet,2026-05-09,22:22:19,-07:00,2026-05-09T22:22:19-07:00,2,30
meta/main.js,97,js,00000000,Not Committed Yet,2026-05-09,22:22:19,-07:00,2026-05-09T22:22:19-07:00,0,0
meta/main.js,98,js,00000000,Not Committed Yet,2026-05-09,22:22:19,-07:00,2026-05-09T22:22:19-07:00,0,0
meta/main.js,99,js,00000000,Not Committed Yet,2026-05-09,22:22:19,-07:00,2026-05-09T22:22:19-07:00,0,41
meta/main.js,100,js,00000000,Not Committed Yet,2026-05-09,22:22:19,-07:00,2026-05-09T22:22:19-07:00,2,17
meta/main.js,101,js,00000000,Not Committed Yet,2026-05-09,22:22:19,-07:00,2026-05-09T22:22:19-07:00,2,17
meta/main.js,102,js,00000000,Not Committed Yet,2026-05-09,22:22:19,-07:00,2026-05-09T22:22:19-07:00,2,58
meta/main.js,103,js,00000000,Not Committed Yet,2026-05-09,22:22:19,-07:00,2026-05-09T22:22:19-07:00,0,0
meta/main.js,104,js,00000000,Not Committed Yet,2026-05-09,22:22:19,-07:00,2026-05-09T22:22:19-07:00,2,18
meta/main.js,105,js,00000000,Not Committed Yet,2026-05-09,22:22:19,-07:00,2026-05-09T22:22:19-07:00,4,14
meta/main.js,106,js,00000000,Not Committed Yet,2026-05-09,22:22:19,-07:00,2026-05-09T22:22:19-07:00,4,26
meta/main.js,107,js,00000000,Not Committed Yet,2026-05-09,22:22:19,-07:00,2026-05-09T22:22:19-07:00,4,29
meta/main.js,108,js,00000000,Not Committed Yet,2026-05-09,22:22:19,-07:00,2026-05-09T22:22:19-07:00,4,16
meta/main.js,109,js,00000000,Not Committed Yet,2026-05-09,22:22:19,-07:00,2026-05-09T22:22:19-07:00,4,40
meta/main.js,110,js,00000000,Not Committed Yet,2026-05-09,22:22:19,-07:00,2026-05-09T22:22:19-07:00,4,42
meta/main.js,111,js,00000000,Not Committed Yet,2026-05-09,22:22:19,-07:00,2026-05-09T22:22:19-07:00,2,0
meta/main.js,112,js,00000000,Not Committed Yet,2026-05-09,22:22:19,-07:00,2026-05-09T22:22:19-07:00,0,0
meta/main.js,113,js,00000000,Not Committed Yet,2026-05-09,22:22:19,-07:00,2026-05-09T22:22:19-07:00,2,12
meta/main.js,114,js,00000000,Not Committed Yet,2026-05-09,22:22:19,-07:00,2026-05-09T22:22:19-07:00,4,15
meta/main.js,115,js,00000000,Not Committed Yet,2026-05-09,22:22:19,-07:00,2026-05-09T22:22:19-07:00,4,12
meta/main.js,116,js,00000000,Not Committed Yet,2026-05-09,22:22:19,-07:00,2026-05-09T22:22:19-07:00,4,40
meta/main.js,117,js,00000000,Not Committed Yet,2026-05-09,22:22:19,-07:00,2026-05-09T22:22:19-07:00,4,28
meta/main.js,118,js,00000000,Not Committed Yet,2026-05-09,22:22:19,-07:00,2026-05-09T22:22:19-07:00,0,0
meta/main.js,119,js,00000000,Not Committed Yet,2026-05-09,22:22:19,-07:00,2026-05-09T22:22:19-07:00,2,15
meta/main.js,120,js,00000000,Not Committed Yet,2026-05-09,22:22:19,-07:00,2026-05-09T22:22:19-07:00,4,10
meta/main.js,121,js,00000000,Not Committed Yet,2026-05-09,22:22:19,-07:00,2026-05-09T22:22:19-07:00,4,44
meta/main.js,122,js,00000000,Not Committed Yet,2026-05-09,22:22:19,-07:00,2026-05-09T22:22:19-07:00,4,41
meta/main.js,123,js,00000000,Not Committed Yet,2026-05-09,22:22:19,-07:00,2026-05-09T22:22:19-07:00,4,6
meta/main.js,124,js,00000000,Not Committed Yet,2026-05-09,22:22:19,-07:00,2026-05-09T22:22:19-07:00,0,0
meta/main.js,125,js,00000000,Not Committed Yet,2026-05-09,22:22:19,-07:00,2026-05-09T22:22:19-07:00,2,15
meta/main.js,126,js,00000000,Not Committed Yet,2026-05-09,22:22:19,-07:00,2026-05-09T22:22:19-07:00,4,12
meta/main.js,127,js,00000000,Not Committed Yet,2026-05-09,22:22:19,-07:00,2026-05-09T22:22:19-07:00,4,14
meta/main.js,128,js,00000000,Not Committed Yet,2026-05-09,22:22:19,-07:00,2026-05-09T22:22:19-07:00,4,42
meta/main.js,129,js,00000000,Not Committed Yet,2026-05-09,22:22:19,-07:00,2026-05-09T22:22:19-07:00,0,0
meta/main.js,130,js,00000000,Not Committed Yet,2026-05-09,22:22:19,-07:00,2026-05-09T22:22:19-07:00,2,19
meta/main.js,131,js,00000000,Not Committed Yet,2026-05-09,22:22:19,-07:00,2026-05-09T22:22:19-07:00,4,10
meta/main.js,132,js,00000000,Not Committed Yet,2026-05-09,22:22:19,-07:00,2026-05-09T22:22:19-07:00,4,25
meta/main.js,133,js,00000000,Not Committed Yet,2026-05-09,22:22:19,-07:00,2026-05-09T22:22:19-07:00,4,53
meta/main.js,134,js,00000000,Not Committed Yet,2026-05-09,22:22:19,-07:00,2026-05-09T22:22:19-07:00,0,0
meta/main.js,135,js,00000000,Not Committed Yet,2026-05-09,22:22:19,-07:00,2026-05-09T22:22:19-07:00,2,13
meta/main.js,136,js,00000000,Not Committed Yet,2026-05-09,22:22:19,-07:00,2026-05-09T22:22:19-07:00,4,0
meta/main.js,137,js,00000000,Not Committed Yet,2026-05-09,22:22:19,-07:00,2026-05-09T22:22:19-07:00,6,15
meta/main.js,138,js,00000000,Not Committed Yet,2026-05-09,22:22:19,-07:00,2026-05-09T22:22:19-07:00,6,13
meta/main.js,139,js,00000000,Not Committed Yet,2026-05-09,22:22:19,-07:00,2026-05-09T22:22:19-07:00,6,27
meta/main.js,140,js,00000000,Not Committed Yet,2026-05-09,22:22:19,-07:00,2026-05-09T22:22:19-07:00,2,0
meta/main.js,141,js,00000000,Not Committed Yet,2026-05-09,22:22:19,-07:00,2026-05-09T22:22:19-07:00,0,0
meta/main.js,142,js,00000000,Not Committed Yet,2026-05-09,22:22:19,-07:00,2026-05-09T22:22:19-07:00,2,34
meta/main.js,143,js,00000000,Not Committed Yet,2026-05-09,22:22:19,-07:00,2026-05-09T22:22:19-07:00,0,0
meta/main.js,144,js,00000000,Not Committed Yet,2026-05-09,22:22:19,-07:00,2026-05-09T22:22:19-07:00,2,14
meta/main.js,145,js,00000000,Not Committed Yet,2026-05-09,22:22:19,-07:00,2026-05-09T22:22:19-07:00,4,15
meta/main.js,146,js,00000000,Not Committed Yet,2026-05-09,22:22:19,-07:00,2026-05-09T22:22:19-07:00,4,58
meta/main.js,147,js,00000000,Not Committed Yet,2026-05-09,22:22:19,-07:00,2026-05-09T22:22:19-07:00,0,0
meta/main.js,148,js,00000000,Not Committed Yet,2026-05-09,22:22:19,-07:00,2026-05-09T22:22:19-07:00,2,1
meta/main.js,149,js,00000000,Not Committed Yet,2026-05-09,22:22:19,-07:00,2026-05-09T22:22:19-07:00,4,10
meta/main.js,150,js,00000000,Not Committed Yet,2026-05-09,22:22:19,-07:00,2026-05-09T22:22:19-07:00,4,54
meta/main.js,151,js,00000000,Not Committed Yet,2026-05-09,22:22:19,-07:00,2026-05-09T22:22:19-07:00,4,11
meta/main.js,152,js,00000000,Not Committed Yet,2026-05-09,22:22:19,-07:00,2026-05-09T22:22:19-07:00,0,0
meta/main.js,153,js,00000000,Not Committed Yet,2026-05-09,22:22:19,-07:00,2026-05-09T22:22:19-07:00,2,1
meta/main.js,154,js,00000000,Not Committed Yet,2026-05-09,22:22:19,-07:00,2026-05-09T22:22:19-07:00,4,10
meta/main.js,155,js,00000000,Not Committed Yet,2026-05-09,22:22:19,-07:00,2026-05-09T22:22:19-07:00,4,52
meta/main.js,156,js,00000000,Not Committed Yet,2026-05-09,22:22:19,-07:00,2026-05-09T22:22:19-07:00,4,11
meta/main.js,157,js,00000000,Not Committed Yet,2026-05-09,22:22:19,-07:00,2026-05-09T22:22:19-07:00,0,0
meta/main.js,158,js,00000000,Not Committed Yet,2026-05-09,22:22:19,-07:00,2026-05-09T22:22:19-07:00,2,49
meta/main.js,159,js,00000000,Not Committed Yet,2026-05-09,22:22:19,-07:00,2026-05-09T22:22:19-07:00,0,0
meta/main.js,160,js,00000000,Not Committed Yet,2026-05-09,22:22:19,-07:00,2026-05-09T22:22:19-07:00,2,2
meta/main.js,161,js,00000000,Not Committed Yet,2026-05-09,22:22:19,-07:00,2026-05-09T22:22:19-07:00,4,18
meta/main.js,162,js,00000000,Not Committed Yet,2026-05-09,22:22:19,-07:00,2026-05-09T22:22:19-07:00,4,12
meta/main.js,163,js,00000000,Not Committed Yet,2026-05-09,22:22:19,-07:00,2026-05-09T22:22:19-07:00,4,13
meta/main.js,164,js,00000000,Not Committed Yet,2026-05-09,22:22:19,-07:00,2026-05-09T22:22:19-07:00,4,36
meta/main.js,165,js,00000000,Not Committed Yet,2026-05-09,22:22:19,-07:00,2026-05-09T22:22:19-07:00,4,36
meta/main.js,166,js,00000000,Not Committed Yet,2026-05-09,22:22:19,-07:00,2026-05-09T22:22:19-07:00,4,12
meta/main.js,167,js,ded4f225,xxzhangzzx,2026-05-09,20:36:13,-07:00,2026-05-09T20:36:13-07:00,0,0
meta/main.js,168,js,ded4f225,xxzhangzzx,2026-05-09,20:36:13,-07:00,2026-05-09T20:36:13-07:00,0,0
meta/main.js,169,js,ded4f225,xxzhangzzx,2026-05-09,20:36:13,-07:00,2026-05-09T20:36:13-07:00,0,26
meta/main.js,170,js,ded4f225,xxzhangzzx,2026-05-09,20:36:13,-07:00,2026-05-09T20:36:13-07:00,0,33
meta/main.js,171,js,ded4f225,xxzhangzzx,2026-05-09,20:36:13,-07:00,2026-05-09T20:36:13-07:00,0,0
meta/main.js,172,js,00000000,Not Committed Yet,2026-05-09,22:22:19,-07:00,2026-05-09T22:22:19-07:00,0,30
meta/main.js,173,js,00000000,Not Committed Yet,2026-05-09,22:22:19,-07:00,2026-05-09T22:22:19-07:00,0,31
meta/index.html,1,html,09dda031,xxzhangzzx,2026-05-09,19:58:57,-07:00,2026-05-09T19:58:57-07:00,0,13
meta/index.html,2,html,09dda031,xxzhangzzx,2026-05-09,19:58:57,-07:00,2026-05-09T19:58:57-07:00,0,14
meta/index.html,3,html,09dda031,xxzhangzzx,2026-05-09,19:58:57,-07:00,2026-05-09T19:58:57-07:00,0,4
meta/index.html,4,html,00000000,Not Committed Yet,2026-05-09,22:22:19,-07:00,2026-05-09T22:22:19-07:00,2,22
meta/index.html,5,html,00000000,Not Committed Yet,2026-05-09,22:22:19,-07:00,2026-05-09T22:22:19-07:00,2,70
meta/index.html,6,html,00000000,Not Committed Yet,2026-05-09,22:22:19,-07:00,2026-05-09T22:22:19-07:00,2,26
meta/index.html,7,html,00000000,Not Committed Yet,2026-05-09,22:22:19,-07:00,2026-05-09T22:22:19-07:00,2,43
meta/index.html,8,html,00000000,Not Committed Yet,2026-05-09,22:22:19,-07:00,2026-05-09T22:22:19-07:00,2,48
meta/index.html,9,html,00000000,Not Committed Yet,2026-05-09,22:22:19,-07:00,2026-05-09T22:22:19-07:00,2,43
meta/index.html,10,html,09dda031,xxzhangzzx,2026-05-09,19:58:57,-07:00,2026-05-09T19:58:57-07:00,0,5
meta/index.html,11,html,09dda031,xxzhangzzx,2026-05-09,19:58:57,-07:00,2026-05-09T19:58:57-07:00,0,4
meta/index.html,12,html,00000000,Not Committed Yet,2026-05-09,22:22:19,-07:00,2026-05-09T22:22:19-07:00,2,20
meta/index.html,13,html,00000000,Not Committed Yet,2026-05-09,22:22:19,-07:00,2026-05-09T22:22:19-07:00,2,80
meta/index.html,14,html,ded4f225,xxzhangzzx,2026-05-09,20:36:13,-07:00,2026-05-09T20:36:13-07:00,0,0
meta/index.html,15,html,00000000,Not Committed Yet,2026-05-09,22:22:19,-07:00,2026-05-09T22:22:19-07:00,2,20
meta/index.html,16,html,00000000,Not Committed Yet,2026-05-09,22:22:19,-07:00,2026-05-09T22:22:19-07:00,2,20
meta/index.html,17,html,00000000,Not Committed Yet,2026-05-09,22:22:19,-07:00,2026-05-09T22:22:19-07:00,0,0
meta/index.html,18,html,00000000,Not Committed Yet,2026-05-09,22:22:19,-07:00,2026-05-09T22:22:19-07:00,2,29
meta/index.html,19,html,00000000,Not Committed Yet,2026-05-09,22:22:19,-07:00,2026-05-09T22:22:19-07:00,2,20
meta/index.html,20,html,09dda031,xxzhangzzx,2026-05-09,19:58:57,-07:00,2026-05-09T19:58:57-07:00,0,5
meta/index.html,21,html,09dda031,xxzhangzzx,2026-05-09,19:58:57,-07:00,2026-05-09T19:58:57-07:00,0,5
contact/index.html,1,html,38974d26,xxzhangzzx,2026-04-04,22:59:28,-07:00,2026-04-04T22:59:28-07:00,0,13
contact/index.html,2,html,38974d26,xxzhangzzx,2026-04-04,22:59:28,-07:00,2026-04-04T22:59:28-07:00,0,14
contact/index.html,3,html,38974d26,xxzhangzzx,2026-04-04,22:59:28,-07:00,2026-04-04T22:59:28-07:00,0,4
contact/index.html,4,html,38974d26,xxzhangzzx,2026-04-04,22:59:28,-07:00,2026-04-04T22:59:28-07:00,2,20
contact/index.html,5,html,38974d26,xxzhangzzx,2026-04-04,22:59:28,-07:00,2026-04-04T22:59:28-07:00,2,68
contact/index.html,6,html,38974d26,xxzhangzzx,2026-04-04,22:59:28,-07:00,2026-04-04T22:59:28-07:00,2,20
contact/index.html,7,html,23e4820e,xxzhangzzx,2026-04-04,23:21:11,-07:00,2026-04-04T23:21:11-07:00,2,41
contact/index.html,8,html,38974d26,xxzhangzzx,2026-04-04,22:59:28,-07:00,2026-04-04T22:59:28-07:00,0,5
contact/index.html,9,html,38974d26,xxzhangzzx,2026-04-04,22:59:28,-07:00,2026-04-04T22:59:28-07:00,0,4
contact/index.html,10,html,38974d26,xxzhangzzx,2026-04-04,22:59:28,-07:00,2026-04-04T22:59:28-07:00,2,14
contact/index.html,11,html,54b574cc,xxzhangzzx,2026-04-04,23:04:32,-07:00,2026-04-04T23:04:32-07:00,0,0
contact/index.html,12,html,1fb41282,xxzhangzzx,2026-04-17,23:11:12,-07:00,2026-04-17T23:11:12-07:00,2,36
contact/index.html,13,html,1fb41282,xxzhangzzx,2026-04-17,23:11:12,-07:00,2026-04-17T23:11:12-07:00,4,5
contact/index.html,14,html,1fb41282,xxzhangzzx,2026-04-17,23:11:12,-07:00,2026-04-17T23:11:12-07:00,6,6
contact/index.html,15,html,1fb41282,xxzhangzzx,2026-04-17,23:11:12,-07:00,2026-04-17T23:11:12-07:00,6,20
contact/index.html,16,html,1fb41282,xxzhangzzx,2026-04-17,23:11:12,-07:00,2026-04-17T23:11:12-07:00,4,6
contact/index.html,17,html,1fb41282,xxzhangzzx,2026-04-17,23:11:12,-07:00,2026-04-17T23:11:12-07:00,0,0
contact/index.html,18,html,634ca3b1,xxzhangzzx,2026-04-17,23:17:52,-07:00,2026-04-17T23:17:52-07:00,4,5
contact/index.html,19,html,634ca3b1,xxzhangzzx,2026-04-17,23:17:52,-07:00,2026-04-17T23:17:52-07:00,6,6
contact/index.html,20,html,634ca3b1,xxzhangzzx,2026-04-17,23:17:52,-07:00,2026-04-17T23:17:52-07:00,6,31
contact/index.html,21,html,634ca3b1,xxzhangzzx,2026-04-17,23:17:52,-07:00,2026-04-17T23:17:52-07:00,4,6
contact/index.html,22,html,634ca3b1,xxzhangzzx,2026-04-17,23:17:52,-07:00,2026-04-17T23:17:52-07:00,0,0
contact/index.html,23,html,1fb41282,xxzhangzzx,2026-04-17,23:11:12,-07:00,2026-04-17T23:11:12-07:00,4,19
contact/index.html,24,html,1fb41282,xxzhangzzx,2026-04-17,23:11:12,-07:00,2026-04-17T23:11:12-07:00,2,5
contact/index.html,25,html,634ca3b1,xxzhangzzx,2026-04-17,23:17:52,-07:00,2026-04-17T23:17:52-07:00,0,0
contact/index.html,26,html,92537b24,xxzhangzzx,2026-04-17,21:14:36,-07:00,2026-04-17T21:14:36-07:00,2,48
contact/index.html,27,html,38974d26,xxzhangzzx,2026-04-04,22:59:28,-07:00,2026-04-04T22:59:28-07:00,0,5
contact/index.html,28,html,38974d26,xxzhangzzx,2026-04-04,22:59:28,-07:00,2026-04-04T22:59:28-07:00,0,5
